,num_sensors,record_freq,record_bytes,stochasticity,info_currency_df
0,10,0.001,1,0,<__main__.InfoCurrency object at 0x12c16d9b0>
1,10,0.01,1,0,<__main__.InfoCurrency object at 0x126cd7080>
2,10,0.1,1,0,<__main__.InfoCurrency object at 0x12553cbe0>
3,10,1.0,1,0,<__main__.InfoCurrency object at 0x126167a58>
4,10,0.001,10,0,<__main__.InfoCurrency object at 0x126167ef0>
5,10,0.01,10,0,<__main__.InfoCurrency object at 0x1261cb208>
6,10,0.1,10,0,<__main__.InfoCurrency object at 0x125d52240>
7,10,1.0,10,0,<__main__.InfoCurrency object at 0x1261d8710>
8,10,0.001,100,0,<__main__.InfoCurrency object at 0x126132a90>
9,10,0.01,100,0,<__main__.InfoCurrency object at 0x126019128>
10,10,0.1,100,0,<__main__.InfoCurrency object at 0x12602fcc0>
11,10,1.0,100,0,<__main__.InfoCurrency object at 0x12602fc18>
12,10,0.001,1,0,<__main__.InfoCurrency object at 0x1261566a0>
13,10,0.01,1,0,<__main__.InfoCurrency object at 0x126995710>
14,10,0.1,1,0,<__main__.InfoCurrency object at 0x114e312b0>
15,10,1.0,1,0,<__main__.InfoCurrency object at 0x115dbeda0>
16,10,0.001,10,0,<__main__.InfoCurrency object at 0x126156978>
17,10,0.01,10,0,<__main__.InfoCurrency object at 0x126dab780>
18,10,0.1,10,0,<__main__.InfoCurrency object at 0x126156438>
19,10,1.0,10,0,<__main__.InfoCurrency object at 0x126cc8908>
20,10,0.001,100,0,<__main__.InfoCurrency object at 0x1261e70f0>
21,10,0.01,100,0,<__main__.InfoCurrency object at 0x126132a20>
22,10,0.1,100,0,<__main__.InfoCurrency object at 0x126432208>
23,10,1.0,100,0,<__main__.InfoCurrency object at 0x125d7f7f0>
24,10,0.001,1,0,<__main__.InfoCurrency object at 0x125d7f908>
25,10,0.01,1,0,<__main__.InfoCurrency object at 0x125d7ffd0>
26,10,0.1,1,0,<__main__.InfoCurrency object at 0x123a4c588>
27,10,1.0,1,0,<__main__.InfoCurrency object at 0x126cc1ba8>
28,10,0.001,10,0,<__main__.InfoCurrency object at 0x12614d2e8>
29,10,0.01,10,0,<__main__.InfoCurrency object at 0x12c574128>
30,10,0.1,10,0,<__main__.InfoCurrency object at 0x123a4c8d0>
31,10,1.0,10,0,<__main__.InfoCurrency object at 0x123a4cda0>
32,10,0.001,100,0,<__main__.InfoCurrency object at 0x123a4c3c8>
33,10,0.01,100,0,<__main__.InfoCurrency object at 0x123a4cba8>
34,10,0.1,100,0,<__main__.InfoCurrency object at 0x128763d30>
35,10,1.0,100,0,<__main__.InfoCurrency object at 0x125d7ff60>
36,10,0.001,1,0,<__main__.InfoCurrency object at 0x125d2cc50>
37,10,0.01,1,0,<__main__.InfoCurrency object at 0x12602ffd0>
38,10,0.1,1,0,<__main__.InfoCurrency object at 0x1263ece80>
39,10,1.0,1,0,<__main__.InfoCurrency object at 0x1263ecef0>
40,10,0.001,10,0,<__main__.InfoCurrency object at 0x1161d1e10>
41,10,0.01,10,0,<__main__.InfoCurrency object at 0x126c13550>
42,10,0.1,10,0,<__main__.InfoCurrency object at 0x125d5e198>
43,10,1.0,10,0,<__main__.InfoCurrency object at 0x125d5e048>
44,10,0.001,100,0,<__main__.InfoCurrency object at 0x125da6d30>
45,10,0.01,100,0,<__main__.InfoCurrency object at 0x125da6080>
46,10,0.1,100,0,<__main__.InfoCurrency object at 0x1161d1780>
47,10,1.0,100,0,<__main__.InfoCurrency object at 0x12602f4e0>
48,10,0.001,1,0,<__main__.InfoCurrency object at 0x126ce2be0>
49,10,0.01,1,0,<__main__.InfoCurrency object at 0x13f376e10>
50,10,0.1,1,0,<__main__.InfoCurrency object at 0x1261cb048>
51,10,1.0,1,0,<__main__.InfoCurrency object at 0x125d7f278>
52,10,0.001,10,0,<__main__.InfoCurrency object at 0x123a4ccf8>
53,10,0.01,10,0,<__main__.InfoCurrency object at 0x125d9f198>
54,10,0.1,10,0,<__main__.InfoCurrency object at 0x125d9fe80>
55,10,1.0,10,0,<__main__.InfoCurrency object at 0x1266efa20>
56,10,0.001,100,0,<__main__.InfoCurrency object at 0x1261cb860>
57,10,0.01,100,0,<__main__.InfoCurrency object at 0x126167c50>
58,10,0.1,100,0,<__main__.InfoCurrency object at 0x126432eb8>
59,10,1.0,100,0,<__main__.InfoCurrency object at 0x126167470>
60,10,0.001,1,0,<__main__.InfoCurrency object at 0x123a56940>
61,10,0.01,1,0,<__main__.InfoCurrency object at 0x1263ecfd0>
62,10,0.1,1,0,<__main__.InfoCurrency object at 0x1161d1438>
63,10,1.0,1,0,<__main__.InfoCurrency object at 0x125d9fa20>
64,10,0.001,10,0,<__main__.InfoCurrency object at 0x125da6ef0>
65,10,0.01,10,0,<__main__.InfoCurrency object at 0x1161bcef0>
66,10,0.1,10,0,<__main__.InfoCurrency object at 0x1161bc6a0>
67,10,1.0,10,0,<__main__.InfoCurrency object at 0x1161bc9e8>
68,10,0.001,100,0,<__main__.InfoCurrency object at 0x125ed7860>
69,10,0.01,100,0,<__main__.InfoCurrency object at 0x12377b6a0>
70,10,0.1,100,0,<__main__.InfoCurrency object at 0x12602f470>
71,10,1.0,100,0,<__main__.InfoCurrency object at 0x126cb8f60>
72,10,0.001,1,0,<__main__.InfoCurrency object at 0x125db7e10>
73,10,0.01,1,0,<__main__.InfoCurrency object at 0x125db72e8>
74,10,0.1,1,0,<__main__.InfoCurrency object at 0x125db7550>
75,10,1.0,1,0,<__main__.InfoCurrency object at 0x125ed73c8>
76,10,0.001,10,0,<__main__.InfoCurrency object at 0x126156d68>
77,10,0.01,10,0,<__main__.InfoCurrency object at 0x1261cb908>
78,10,0.1,10,0,<__main__.InfoCurrency object at 0x1161bc0f0>
79,10,1.0,10,0,<__main__.InfoCurrency object at 0x1161d1518>
80,10,0.001,100,0,<__main__.InfoCurrency object at 0x125dbdfd0>
81,10,0.01,100,0,<__main__.InfoCurrency object at 0x125dbd710>
82,10,0.1,100,0,<__main__.InfoCurrency object at 0x128e0d7f0>
83,10,1.0,100,0,<__main__.InfoCurrency object at 0x1261cbda0>
84,10,0.001,1,0,<__main__.InfoCurrency object at 0x126c9eac8>
85,10,0.01,1,0,<__main__.InfoCurrency object at 0x124c834a8>
86,10,0.1,1,0,<__main__.InfoCurrency object at 0x1263e2748>
87,10,1.0,1,0,<__main__.InfoCurrency object at 0x1263e2a58>
88,10,0.001,10,0,<__main__.InfoCurrency object at 0x128e0d668>
89,10,0.01,10,0,<__main__.InfoCurrency object at 0x128e0d438>
90,10,0.1,10,0,<__main__.InfoCurrency object at 0x1263eceb8>
91,10,1.0,10,0,<__main__.InfoCurrency object at 0x126156e80>
92,10,0.001,100,0,<__main__.InfoCurrency object at 0x125db7da0>
93,10,0.01,100,0,<__main__.InfoCurrency object at 0x125ed7cc0>
94,10,0.1,100,0,<__main__.InfoCurrency object at 0x1161bc550>
95,10,1.0,100,0,<__main__.InfoCurrency object at 0x110b7bba8>
96,10,0.001,1,0,<__main__.InfoCurrency object at 0x110b7b4e0>
97,10,0.01,1,0,<__main__.InfoCurrency object at 0x1261e7a58>
98,10,0.1,1,0,<__main__.InfoCurrency object at 0x126cb8a90>
99,10,1.0,1,0,<__main__.InfoCurrency object at 0x1266ef550>
100,10,0.001,10,0,<__main__.InfoCurrency object at 0x110b7b320>
101,10,0.01,10,0,<__main__.InfoCurrency object at 0x126432240>
102,10,0.1,10,0,<__main__.InfoCurrency object at 0x110b7b630>
103,10,1.0,10,0,<__main__.InfoCurrency object at 0x1161d1cc0>
104,10,0.001,100,0,<__main__.InfoCurrency object at 0x125d9f780>
105,10,0.01,100,0,<__main__.InfoCurrency object at 0x125b05668>
106,10,0.1,100,0,<__main__.InfoCurrency object at 0x1263e2240>
107,10,1.0,100,0,<__main__.InfoCurrency object at 0x128e0deb8>
108,10,0.001,1,0,<__main__.InfoCurrency object at 0x128dfdda0>
109,10,0.01,1,0,<__main__.InfoCurrency object at 0x128dfdb38>
110,10,0.1,1,0,<__main__.InfoCurrency object at 0x128dfdc18>
111,10,1.0,1,0,<__main__.InfoCurrency object at 0x126cb8e80>
112,10,0.001,10,0,<__main__.InfoCurrency object at 0x126c9e780>
113,10,0.01,10,0,<__main__.InfoCurrency object at 0x126cb8da0>
114,10,0.1,10,0,<__main__.InfoCurrency object at 0x1161d1d68>
115,10,1.0,10,0,<__main__.InfoCurrency object at 0x126432a90>
116,10,0.001,100,0,<__main__.InfoCurrency object at 0x1161d1048>
117,10,0.01,100,0,<__main__.InfoCurrency object at 0x110b6df98>
118,10,0.1,100,0,<__main__.InfoCurrency object at 0x125b05160>
119,10,1.0,100,0,<__main__.InfoCurrency object at 0x1263e2860>
120,10,0.001,1,0,<__main__.InfoCurrency object at 0x128dfd630>
121,10,0.01,1,0,<__main__.InfoCurrency object at 0x110b7bac8>
122,10,0.1,1,0,<__main__.InfoCurrency object at 0x128e0d2e8>
123,10,1.0,1,0,<__main__.InfoCurrency object at 0x125d9ff60>
124,10,0.001,10,0,<__main__.InfoCurrency object at 0x123a4c320>
125,10,0.01,10,0,<__main__.InfoCurrency object at 0x123a56b38>
126,10,0.1,10,0,<__main__.InfoCurrency object at 0x126132c18>
127,10,1.0,10,0,<__main__.InfoCurrency object at 0x1264c9198>
128,10,0.001,100,0,<__main__.InfoCurrency object at 0x126167be0>
129,10,0.01,100,0,<__main__.InfoCurrency object at 0x123a4cac8>
130,10,0.1,100,0,<__main__.InfoCurrency object at 0x1161bcd30>
131,10,1.0,100,0,<__main__.InfoCurrency object at 0x128e0d898>
132,10,0.001,1,0,<__main__.InfoCurrency object at 0x125dbda58>
133,10,0.01,1,0,<__main__.InfoCurrency object at 0x1161d11d0>
134,10,0.1,1,0,<__main__.InfoCurrency object at 0x1263e2d30>
135,10,1.0,1,0,<__main__.InfoCurrency object at 0x128dfdfd0>
136,10,0.001,10,0,<__main__.InfoCurrency object at 0x110b6d208>
137,10,0.01,10,0,<__main__.InfoCurrency object at 0x12640cc18>
138,10,0.1,10,0,<__main__.InfoCurrency object at 0x12640ceb8>
139,10,1.0,10,0,<__main__.InfoCurrency object at 0x1161bc908>
140,10,0.001,100,0,<__main__.InfoCurrency object at 0x126cc17b8>
141,10,0.01,100,0,<__main__.InfoCurrency object at 0x1263ec198>
142,10,0.1,100,0,<__main__.InfoCurrency object at 0x110b7e668>
143,10,1.0,100,0,<__main__.InfoCurrency object at 0x110b7eb38>
144,10,0.001,1,0,<__main__.InfoCurrency object at 0x110b7e128>
145,10,0.01,1,0,<__main__.InfoCurrency object at 0x153dbd6a0>
146,10,0.1,1,0,<__main__.InfoCurrency object at 0x125ed7908>
147,10,1.0,1,0,<__main__.InfoCurrency object at 0x125da69e8>
148,10,0.001,10,0,<__main__.InfoCurrency object at 0x126167d68>
149,10,0.01,10,0,<__main__.InfoCurrency object at 0x12640cb38>
150,10,0.1,10,0,<__main__.InfoCurrency object at 0x128dfd668>
151,10,1.0,10,0,<__main__.InfoCurrency object at 0x110b8f4e0>
152,10,0.001,100,0,<__main__.InfoCurrency object at 0x110b8f7f0>
153,10,0.01,100,0,<__main__.InfoCurrency object at 0x1161bc048>
154,10,0.1,100,0,<__main__.InfoCurrency object at 0x127e01240>
155,10,1.0,100,0,<__main__.InfoCurrency object at 0x125d8c0f0>
156,10,0.001,1,0,<__main__.InfoCurrency object at 0x127e017f0>
157,10,0.01,1,0,<__main__.InfoCurrency object at 0x1266ef8d0>
158,10,0.1,1,0,<__main__.InfoCurrency object at 0x127e01978>
159,10,1.0,1,0,<__main__.InfoCurrency object at 0x125db7e80>
160,10,0.001,10,0,<__main__.InfoCurrency object at 0x1261e7390>
161,10,0.01,10,0,<__main__.InfoCurrency object at 0x1261d8160>
162,10,0.1,10,0,<__main__.InfoCurrency object at 0x110b8f470>
163,10,1.0,10,0,<__main__.InfoCurrency object at 0x12640c208>
164,10,0.001,100,0,<__main__.InfoCurrency object at 0x110b7ec50>
165,10,0.01,100,0,<__main__.InfoCurrency object at 0x126cf3470>
166,10,0.1,100,0,<__main__.InfoCurrency object at 0x126cf3240>
167,10,1.0,100,0,<__main__.InfoCurrency object at 0x1161bc240>
168,10,0.001,1,0,<__main__.InfoCurrency object at 0x128de92e8>
169,10,0.01,1,0,<__main__.InfoCurrency object at 0x1242bb7b8>
170,10,0.1,1,0,<__main__.InfoCurrency object at 0x128de9240>
171,10,1.0,1,0,<__main__.InfoCurrency object at 0x128de98d0>
172,10,0.001,10,0,<__main__.InfoCurrency object at 0x128de9908>
173,10,0.01,10,0,<__main__.InfoCurrency object at 0x110b7e710>
174,10,0.1,10,0,<__main__.InfoCurrency object at 0x1263e2be0>
175,10,1.0,10,0,<__main__.InfoCurrency object at 0x126cf3cc0>
176,10,0.001,100,0,<__main__.InfoCurrency object at 0x12640c390>
177,10,0.01,100,0,<__main__.InfoCurrency object at 0x110b8f5c0>
178,10,0.1,100,0,<__main__.InfoCurrency object at 0x127e011d0>
179,10,1.0,100,0,<__main__.InfoCurrency object at 0x126b654e0>
180,10,0.001,1,0,<__main__.InfoCurrency object at 0x126b65cc0>
181,10,0.01,1,0,<__main__.InfoCurrency object at 0x1125bbcf8>
182,10,0.1,1,0,<__main__.InfoCurrency object at 0x126cc1588>
183,10,1.0,1,0,<__main__.InfoCurrency object at 0x125d2c2b0>
184,10,0.001,10,0,<__main__.InfoCurrency object at 0x1533db588>
185,10,0.01,10,0,<__main__.InfoCurrency object at 0x126d9c898>
186,10,0.1,10,0,<__main__.InfoCurrency object at 0x126019048>
187,10,1.0,10,0,<__main__.InfoCurrency object at 0x128dfd7b8>
188,10,0.001,100,0,<__main__.InfoCurrency object at 0x125ed7a20>
189,10,0.01,100,0,<__main__.InfoCurrency object at 0x126b65198>
190,10,0.1,100,0,<__main__.InfoCurrency object at 0x126cf3588>
191,10,1.0,100,0,<__main__.InfoCurrency object at 0x1263f3f60>
192,10,0.001,1,0,<__main__.InfoCurrency object at 0x1263f3160>
193,10,0.01,1,0,<__main__.InfoCurrency object at 0x1263f3ba8>
194,10,0.1,1,0,<__main__.InfoCurrency object at 0x1280728d0>
195,10,1.0,1,0,<__main__.InfoCurrency object at 0x125d5e860>
196,10,0.001,10,0,<__main__.InfoCurrency object at 0x126c13710>
197,10,0.01,10,0,<__main__.InfoCurrency object at 0x110b6dba8>
198,10,0.1,10,0,<__main__.InfoCurrency object at 0x128df8f98>
199,10,1.0,10,0,<__main__.InfoCurrency object at 0x128df8e10>
200,10,0.001,100,0,<__main__.InfoCurrency object at 0x128072da0>
201,10,0.01,100,0,<__main__.InfoCurrency object at 0x1280720b8>
202,10,0.1,100,0,<__main__.InfoCurrency object at 0x128de9b00>
203,10,1.0,100,0,<__main__.InfoCurrency object at 0x126b65be0>
204,10,0.001,1,0,<__main__.InfoCurrency object at 0x1161c7898>
205,10,0.01,1,0,<__main__.InfoCurrency object at 0x1125bbd68>
206,10,0.1,1,0,<__main__.InfoCurrency object at 0x127b96208>
207,10,1.0,1,0,<__main__.InfoCurrency object at 0x127b966a0>
208,10,0.001,10,0,<__main__.InfoCurrency object at 0x127b96518>
209,10,0.01,10,0,<__main__.InfoCurrency object at 0x125b1bc50>
210,10,0.1,10,0,<__main__.InfoCurrency object at 0x1261d8e10>
211,10,1.0,10,0,<__main__.InfoCurrency object at 0x1261d8cf8>
212,10,0.001,100,0,<__main__.InfoCurrency object at 0x127795da0>
213,10,0.01,100,0,<__main__.InfoCurrency object at 0x1277959b0>
214,10,0.1,100,0,<__main__.InfoCurrency object at 0x127795f98>
215,10,1.0,100,0,<__main__.InfoCurrency object at 0x127e01780>
216,10,0.001,1,0,<__main__.InfoCurrency object at 0x110b8fd30>
217,10,0.01,1,0,<__main__.InfoCurrency object at 0x127b96630>
218,10,0.1,1,0,<__main__.InfoCurrency object at 0x128072b70>
219,10,1.0,1,0,<__main__.InfoCurrency object at 0x1263f3b00>
220,10,0.001,10,0,<__main__.InfoCurrency object at 0x128df8978>
221,10,0.01,10,0,<__main__.InfoCurrency object at 0x1131c5860>
222,10,0.1,10,0,<__main__.InfoCurrency object at 0x1131c52e8>
223,10,1.0,10,0,<__main__.InfoCurrency object at 0x12640c240>
224,10,0.001,100,0,<__main__.InfoCurrency object at 0x1261cb8d0>
225,10,0.01,100,0,<__main__.InfoCurrency object at 0x125b05f98>
226,10,0.1,100,0,<__main__.InfoCurrency object at 0x128366898>
227,10,1.0,100,0,<__main__.InfoCurrency object at 0x128366278>
228,10,0.001,1,0,<__main__.InfoCurrency object at 0x1283664e0>
229,10,0.01,1,0,<__main__.InfoCurrency object at 0x126cf39b0>
230,10,0.1,1,0,<__main__.InfoCurrency object at 0x126b65b70>
231,10,1.0,1,0,<__main__.InfoCurrency object at 0x1280729b0>
232,10,0.001,10,0,<__main__.InfoCurrency object at 0x126ca57b8>
233,10,0.01,10,0,<__main__.InfoCurrency object at 0x127795b38>
234,10,0.1,10,0,<__main__.InfoCurrency object at 0x12865e320>
235,10,1.0,10,0,<__main__.InfoCurrency object at 0x12865ee48>
236,10,0.001,100,0,<__main__.InfoCurrency object at 0x1282ea0f0>
237,10,0.01,100,0,<__main__.InfoCurrency object at 0x1125bbb38>
238,10,0.1,100,0,<__main__.InfoCurrency object at 0x126132b00>
239,10,1.0,100,0,<__main__.InfoCurrency object at 0x110b8f710>
240,10,0.001,1,0,<__main__.InfoCurrency object at 0x127930240>
241,10,0.01,1,0,<__main__.InfoCurrency object at 0x127930278>
242,10,0.1,1,0,<__main__.InfoCurrency object at 0x127795550>
243,10,1.0,1,0,<__main__.InfoCurrency object at 0x110b7bbe0>
244,10,0.001,10,0,<__main__.InfoCurrency object at 0x126cf3390>
245,10,0.01,10,0,<__main__.InfoCurrency object at 0x125da6470>
246,10,0.1,10,0,<__main__.InfoCurrency object at 0x128366208>
247,10,1.0,10,0,<__main__.InfoCurrency object at 0x1285bc860>
248,10,0.001,100,0,<__main__.InfoCurrency object at 0x1285bc978>
249,10,0.01,100,0,<__main__.InfoCurrency object at 0x126402da0>
250,10,0.1,100,0,<__main__.InfoCurrency object at 0x126402b70>
251,10,1.0,100,0,<__main__.InfoCurrency object at 0x125ed79b0>
252,10,0.001,1,0,<__main__.InfoCurrency object at 0x126432da0>
253,10,0.01,1,0,<__main__.InfoCurrency object at 0x125d7f048>
254,10,0.1,1,0,<__main__.InfoCurrency object at 0x1131c5780>
255,10,1.0,1,0,<__main__.InfoCurrency object at 0x128df4e80>
256,10,0.001,10,0,<__main__.InfoCurrency object at 0x128df4ef0>
257,10,0.01,10,0,<__main__.InfoCurrency object at 0x1285bc668>
258,10,0.1,10,0,<__main__.InfoCurrency object at 0x127b96860>
259,10,1.0,10,0,<__main__.InfoCurrency object at 0x1282eaac8>
260,10,0.001,100,0,<__main__.InfoCurrency object at 0x127930eb8>
261,10,0.01,100,0,<__main__.InfoCurrency object at 0x128366908>
262,10,0.1,100,0,<__main__.InfoCurrency object at 0x128650eb8>
263,10,1.0,100,0,<__main__.InfoCurrency object at 0x1286507b8>
264,10,0.001,1,0,<__main__.InfoCurrency object at 0x1285cee10>
265,10,0.01,1,0,<__main__.InfoCurrency object at 0x1263e2208>
266,10,0.1,1,0,<__main__.InfoCurrency object at 0x128dfdac8>
267,10,1.0,1,0,<__main__.InfoCurrency object at 0x126b65a58>
268,10,0.001,10,0,<__main__.InfoCurrency object at 0x128650ac8>
269,10,0.01,10,0,<__main__.InfoCurrency object at 0x12865ecf8>
270,10,0.1,10,0,<__main__.InfoCurrency object at 0x127795ac8>
271,10,1.0,10,0,<__main__.InfoCurrency object at 0x126402e48>
272,10,0.001,100,0,<__main__.InfoCurrency object at 0x127b96780>
273,10,0.01,100,0,<__main__.InfoCurrency object at 0x1285ce8d0>
274,10,0.1,100,0,<__main__.InfoCurrency object at 0x128df46a0>
275,10,1.0,100,0,<__main__.InfoCurrency object at 0x110f67320>
276,10,0.001,1,0,<__main__.InfoCurrency object at 0x110f67eb8>
277,10,0.01,1,0,<__main__.InfoCurrency object at 0x110f67390>
278,10,0.1,1,0,<__main__.InfoCurrency object at 0x1286ee4e0>
279,10,1.0,1,0,<__main__.InfoCurrency object at 0x125db7c50>
280,10,0.001,10,0,<__main__.InfoCurrency object at 0x125d7f128>
281,10,0.01,10,0,<__main__.InfoCurrency object at 0x12602f0b8>
282,10,0.1,10,0,<__main__.InfoCurrency object at 0x126c9e358>
283,10,1.0,10,0,<__main__.InfoCurrency object at 0x126b24f28>
284,10,0.001,100,0,<__main__.InfoCurrency object at 0x12865ec18>
285,10,0.01,100,0,<__main__.InfoCurrency object at 0x1286eee80>
286,10,0.1,100,0,<__main__.InfoCurrency object at 0x1285bc438>
287,10,1.0,100,0,<__main__.InfoCurrency object at 0x128df4e10>
288,10,0.001,1,0,<__main__.InfoCurrency object at 0x110f672e8>
289,10,0.01,1,0,<__main__.InfoCurrency object at 0x126402358>
290,10,0.1,1,0,<__main__.InfoCurrency object at 0x1282eae80>
291,10,1.0,1,0,<__main__.InfoCurrency object at 0x127b96160>
292,10,0.001,10,0,<__main__.InfoCurrency object at 0x1263f32b0>
293,10,0.01,10,0,<__main__.InfoCurrency object at 0x127e01f28>
294,10,0.1,10,0,<__main__.InfoCurrency object at 0x126132b38>
295,10,1.0,10,0,<__main__.InfoCurrency object at 0x126095668>
296,10,0.001,100,0,<__main__.InfoCurrency object at 0x110b8f6a0>
297,10,0.01,100,0,<__main__.InfoCurrency object at 0x125b1bda0>
298,10,0.1,100,0,<__main__.InfoCurrency object at 0x1282ea400>
299,10,1.0,100,0,<__main__.InfoCurrency object at 0x128650898>
300,10,0.001,1,0,<__main__.InfoCurrency object at 0x1264024e0>
301,10,0.01,1,0,<__main__.InfoCurrency object at 0x128df4b38>
302,10,0.1,1,0,<__main__.InfoCurrency object at 0x125b05da0>
303,10,1.0,1,0,<__main__.InfoCurrency object at 0x128072b38>
304,10,0.001,10,0,<__main__.InfoCurrency object at 0x1285ec630>
305,10,0.01,10,0,<__main__.InfoCurrency object at 0x1285ecc18>
306,10,0.1,10,0,<__main__.InfoCurrency object at 0x1285eccc0>
307,10,1.0,10,0,<__main__.InfoCurrency object at 0x1261677f0>
308,10,0.001,100,0,<__main__.InfoCurrency object at 0x128596d68>
309,10,0.01,100,0,<__main__.InfoCurrency object at 0x128596780>
310,10,0.1,100,0,<__main__.InfoCurrency object at 0x128596ac8>
311,10,1.0,100,0,<__main__.InfoCurrency object at 0x127f4c828>
312,10,0.001,1,0,<__main__.InfoCurrency object at 0x127f4c390>
313,10,0.01,1,0,<__main__.InfoCurrency object at 0x127f4ccc0>
314,10,0.1,1,0,<__main__.InfoCurrency object at 0x1285eceb8>
315,10,1.0,1,0,<__main__.InfoCurrency object at 0x12887a630>
316,10,0.001,10,0,<__main__.InfoCurrency object at 0x127b96cc0>
317,10,0.01,10,0,<__main__.InfoCurrency object at 0x1161bc710>
318,10,0.1,10,0,<__main__.InfoCurrency object at 0x110f677f0>
319,10,1.0,10,0,<__main__.InfoCurrency object at 0x1285e26a0>
320,10,0.001,100,0,<__main__.InfoCurrency object at 0x1285e24e0>
321,10,0.01,100,0,<__main__.InfoCurrency object at 0x110b7ef60>
322,10,0.1,100,0,<__main__.InfoCurrency object at 0x125da6390>
323,10,1.0,100,0,<__main__.InfoCurrency object at 0x125d9f0b8>
324,10,0.001,1,0,<__main__.InfoCurrency object at 0x12836d320>
325,10,0.01,1,0,<__main__.InfoCurrency object at 0x12836d048>
326,10,0.1,1,0,<__main__.InfoCurrency object at 0x12836d748>
327,10,1.0,1,0,<__main__.InfoCurrency object at 0x128df8208>
328,10,0.001,10,0,<__main__.InfoCurrency object at 0x110f675f8>
329,10,0.01,10,0,<__main__.InfoCurrency object at 0x1286eee10>
330,10,0.1,10,0,<__main__.InfoCurrency object at 0x126b650b8>
331,10,1.0,10,0,<__main__.InfoCurrency object at 0x1285964e0>
332,10,0.001,100,0,<__main__.InfoCurrency object at 0x127f4c4a8>
333,10,0.01,100,0,<__main__.InfoCurrency object at 0x12877a860>
334,10,0.1,100,0,<__main__.InfoCurrency object at 0x12877a550>
335,10,1.0,100,0,<__main__.InfoCurrency object at 0x127795438>
336,10,0.001,1,0,<__main__.InfoCurrency object at 0x110de9320>
337,10,0.01,1,0,<__main__.InfoCurrency object at 0x110de9940>
338,10,0.1,1,0,<__main__.InfoCurrency object at 0x110de9cc0>
339,10,1.0,1,0,<__main__.InfoCurrency object at 0x110de9048>
340,10,0.001,10,0,<__main__.InfoCurrency object at 0x1285ec898>
341,10,0.01,10,0,<__main__.InfoCurrency object at 0x127930198>
342,10,0.1,10,0,<__main__.InfoCurrency object at 0x1282ea128>
343,10,1.0,10,0,<__main__.InfoCurrency object at 0x12877afd0>
344,10,0.001,100,0,<__main__.InfoCurrency object at 0x12614de10>
345,10,0.01,100,0,<__main__.InfoCurrency object at 0x12836d8d0>
346,10,0.1,100,0,<__main__.InfoCurrency object at 0x115d420b8>
347,10,1.0,100,0,<__main__.InfoCurrency object at 0x115d42940>
348,10,0.001,1,0,<__main__.InfoCurrency object at 0x115d42f60>
349,10,0.01,1,0,<__main__.InfoCurrency object at 0x128df8160>
350,10,0.1,1,0,<__main__.InfoCurrency object at 0x126156710>
351,10,1.0,1,0,<__main__.InfoCurrency object at 0x128dfdef0>
352,10,0.001,10,0,<__main__.InfoCurrency object at 0x12836deb8>
353,10,0.01,10,0,<__main__.InfoCurrency object at 0x115d42cc0>
354,10,0.1,10,0,<__main__.InfoCurrency object at 0x12836d278>
355,10,1.0,10,0,<__main__.InfoCurrency object at 0x12889c2e8>
356,10,0.001,100,0,<__main__.InfoCurrency object at 0x110f67dd8>
357,10,0.01,100,0,<__main__.InfoCurrency object at 0x128596160>
358,10,0.1,100,0,<__main__.InfoCurrency object at 0x110de9630>
359,10,1.0,100,0,<__main__.InfoCurrency object at 0x12877abe0>
360,10,0.001,1,0,<__main__.InfoCurrency object at 0x128783a58>
361,10,0.01,1,0,<__main__.InfoCurrency object at 0x128783160>
362,10,0.1,1,0,<__main__.InfoCurrency object at 0x127d1dc50>
363,10,1.0,1,0,<__main__.InfoCurrency object at 0x12865e400>
364,10,0.001,10,0,<__main__.InfoCurrency object at 0x1285cee48>
365,10,0.01,10,0,<__main__.InfoCurrency object at 0x123a4c5f8>
366,10,0.1,10,0,<__main__.InfoCurrency object at 0x110de9d30>
367,10,1.0,10,0,<__main__.InfoCurrency object at 0x12877ada0>
368,10,0.001,100,0,<__main__.InfoCurrency object at 0x110de9390>
369,10,0.01,100,0,<__main__.InfoCurrency object at 0x1287839e8>
370,10,0.1,100,0,<__main__.InfoCurrency object at 0x1285e20b8>
371,10,1.0,100,0,<__main__.InfoCurrency object at 0x127f4c710>
372,10,0.001,1,0,<__main__.InfoCurrency object at 0x12836d908>
373,10,0.01,1,0,<__main__.InfoCurrency object at 0x12889c780>
374,10,0.1,1,0,<__main__.InfoCurrency object at 0x1261baeb8>
375,10,1.0,1,0,<__main__.InfoCurrency object at 0x1261baf98>
376,10,0.001,10,0,<__main__.InfoCurrency object at 0x1261ba6a0>
377,10,0.01,10,0,<__main__.InfoCurrency object at 0x1282eadd8>
378,10,0.1,10,0,<__main__.InfoCurrency object at 0x1240e45f8>
379,10,1.0,10,0,<__main__.InfoCurrency object at 0x126cb8cf8>
380,10,0.001,100,0,<__main__.InfoCurrency object at 0x1240e4320>
381,10,0.01,100,0,<__main__.InfoCurrency object at 0x1240e45c0>
382,10,0.1,100,0,<__main__.InfoCurrency object at 0x128396a20>
383,10,1.0,100,0,<__main__.InfoCurrency object at 0x128396080>
384,10,0.001,1,0,<__main__.InfoCurrency object at 0x12836d6d8>
385,10,0.01,1,0,<__main__.InfoCurrency object at 0x1285ec1d0>
386,10,0.1,1,0,<__main__.InfoCurrency object at 0x1261ba828>
387,10,1.0,1,0,<__main__.InfoCurrency object at 0x12877aa58>
388,10,0.001,10,0,<__main__.InfoCurrency object at 0x127d1d3c8>
389,10,0.01,10,0,<__main__.InfoCurrency object at 0x128688eb8>
390,10,0.1,10,0,<__main__.InfoCurrency object at 0x128688358>
391,10,1.0,10,0,<__main__.InfoCurrency object at 0x1285ecba8>
392,10,0.001,100,0,<__main__.InfoCurrency object at 0x128dfd7f0>
393,10,0.01,100,0,<__main__.InfoCurrency object at 0x110f674e0>
394,10,0.1,100,0,<__main__.InfoCurrency object at 0x12876e4e0>
395,10,1.0,100,0,<__main__.InfoCurrency object at 0x12876eb00>
396,10,0.001,1,0,<__main__.InfoCurrency object at 0x12876e9e8>
397,10,0.01,1,0,<__main__.InfoCurrency object at 0x115d42470>
398,10,0.1,1,0,<__main__.InfoCurrency object at 0x1286ee630>
399,10,1.0,1,0,<__main__.InfoCurrency object at 0x12889c470>
400,10,0.001,10,0,<__main__.InfoCurrency object at 0x1261badd8>
401,10,0.01,10,0,<__main__.InfoCurrency object at 0x1240e44e0>
402,10,0.1,10,0,<__main__.InfoCurrency object at 0x128396358>
403,10,1.0,10,0,<__main__.InfoCurrency object at 0x128cd8ef0>
404,10,0.001,100,0,<__main__.InfoCurrency object at 0x126049780>
405,10,0.01,100,0,<__main__.InfoCurrency object at 0x1285e2668>
406,10,0.1,100,0,<__main__.InfoCurrency object at 0x126cf3f60>
407,10,1.0,100,0,<__main__.InfoCurrency object at 0x126156550>
408,10,0.001,1,0,<__main__.InfoCurrency object at 0x1260491d0>
409,10,0.01,1,0,<__main__.InfoCurrency object at 0x126049160>
410,10,0.1,1,0,<__main__.InfoCurrency object at 0x126049400>
411,10,1.0,1,0,<__main__.InfoCurrency object at 0x1260498d0>
412,10,0.001,10,0,<__main__.InfoCurrency object at 0x127d1d978>
413,10,0.01,10,0,<__main__.InfoCurrency object at 0x115d42b38>
414,10,0.1,10,0,<__main__.InfoCurrency object at 0x128688630>
415,10,1.0,10,0,<__main__.InfoCurrency object at 0x12876e400>
416,10,0.001,100,0,<__main__.InfoCurrency object at 0x128ccdac8>
417,10,0.01,100,0,<__main__.InfoCurrency object at 0x12832eeb8>
418,10,0.1,100,0,<__main__.InfoCurrency object at 0x12832ec88>
419,10,1.0,100,0,<__main__.InfoCurrency object at 0x127f4c5c0>
420,10,0.001,1,0,<__main__.InfoCurrency object at 0x128ccd4a8>
421,10,0.01,1,0,<__main__.InfoCurrency object at 0x127930ef0>
422,10,0.1,1,0,<__main__.InfoCurrency object at 0x12889cf98>
423,10,1.0,1,0,<__main__.InfoCurrency object at 0x128783e48>
424,10,0.001,10,0,<__main__.InfoCurrency object at 0x127d1d5f8>
425,10,0.01,10,0,<__main__.InfoCurrency object at 0x128cd81d0>
426,10,0.1,10,0,<__main__.InfoCurrency object at 0x1261ba5c0>
427,10,1.0,10,0,<__main__.InfoCurrency object at 0x12832e198>
428,10,0.001,100,0,<__main__.InfoCurrency object at 0x126049eb8>
429,10,0.01,100,0,<__main__.InfoCurrency object at 0x10f797a90>
430,10,0.1,100,0,<__main__.InfoCurrency object at 0x115e66358>
431,10,1.0,100,0,<__main__.InfoCurrency object at 0x12604acc0>
432,10,0.001,1,0,<__main__.InfoCurrency object at 0x12604a898>
433,10,0.01,1,0,<__main__.InfoCurrency object at 0x110f67a20>
434,10,0.1,1,0,<__main__.InfoCurrency object at 0x126d9c5c0>
435,10,1.0,1,0,<__main__.InfoCurrency object at 0x1131c5ac8>
436,10,0.001,10,0,<__main__.InfoCurrency object at 0x12604a1d0>
437,10,0.01,10,0,<__main__.InfoCurrency object at 0x12604a7f0>
438,10,0.1,10,0,<__main__.InfoCurrency object at 0x12604ad68>
439,10,1.0,10,0,<__main__.InfoCurrency object at 0x126049860>
440,10,0.001,100,0,<__main__.InfoCurrency object at 0x1261baf28>
441,10,0.01,100,0,<__main__.InfoCurrency object at 0x115d420f0>
442,10,0.1,100,0,<__main__.InfoCurrency object at 0x128688ef0>
443,10,1.0,100,0,<__main__.InfoCurrency object at 0x1105d8358>
444,10,0.001,1,0,<__main__.InfoCurrency object at 0x1105d8438>
445,10,0.01,1,0,<__main__.InfoCurrency object at 0x1105d8128>
446,10,0.1,1,0,<__main__.InfoCurrency object at 0x123e5b128>
447,10,1.0,1,0,<__main__.InfoCurrency object at 0x1285bce48>
448,10,0.001,10,0,<__main__.InfoCurrency object at 0x110f67080>
449,10,0.01,10,0,<__main__.InfoCurrency object at 0x128072c88>
450,10,0.1,10,0,<__main__.InfoCurrency object at 0x128650b38>
451,10,1.0,10,0,<__main__.InfoCurrency object at 0x123e5bc88>
452,10,0.001,100,0,<__main__.InfoCurrency object at 0x1264c3048>
453,10,0.01,100,0,<__main__.InfoCurrency object at 0x125b057f0>
454,10,0.1,100,0,<__main__.InfoCurrency object at 0x12604aeb8>
455,10,1.0,100,0,<__main__.InfoCurrency object at 0x11469d588>
456,10,0.001,1,0,<__main__.InfoCurrency object at 0x1105d8898>
457,10,0.01,1,0,<__main__.InfoCurrency object at 0x1105d82b0>
458,10,0.1,1,0,<__main__.InfoCurrency object at 0x115e66be0>
459,10,1.0,1,0,<__main__.InfoCurrency object at 0x1240e4710>
460,10,0.001,10,0,<__main__.InfoCurrency object at 0x1261bac18>
461,10,0.01,10,0,<__main__.InfoCurrency object at 0x126c138d0>
462,10,0.1,10,0,<__main__.InfoCurrency object at 0x12836d4e0>
463,10,1.0,10,0,<__main__.InfoCurrency object at 0x12640ce48>
464,10,0.001,100,0,<__main__.InfoCurrency object at 0x1261d8ba8>
465,10,0.01,100,0,<__main__.InfoCurrency object at 0x1261ba588>
466,10,0.1,100,0,<__main__.InfoCurrency object at 0x128688a58>
467,10,1.0,100,0,<__main__.InfoCurrency object at 0x10f797f28>
468,10,0.001,1,0,<__main__.InfoCurrency object at 0x1285e2e48>
469,10,0.01,1,0,<__main__.InfoCurrency object at 0x127795908>
470,10,0.1,1,0,<__main__.InfoCurrency object at 0x128ccd7f0>
471,10,1.0,1,0,<__main__.InfoCurrency object at 0x1264c3898>
472,10,0.001,10,0,<__main__.InfoCurrency object at 0x11469d828>
473,10,0.01,10,0,<__main__.InfoCurrency object at 0x12837b160>
474,10,0.1,10,0,<__main__.InfoCurrency object at 0x12837b780>
475,10,1.0,10,0,<__main__.InfoCurrency object at 0x10f797f98>
476,10,0.001,100,0,<__main__.InfoCurrency object at 0x126a40358>
477,10,0.01,100,0,<__main__.InfoCurrency object at 0x128dfd898>
478,10,0.1,100,0,<__main__.InfoCurrency object at 0x126a40630>
479,10,1.0,100,0,<__main__.InfoCurrency object at 0x126a40160>
480,10,0.001,1,0,<__main__.InfoCurrency object at 0x1283660f0>
481,10,0.01,1,0,<__main__.InfoCurrency object at 0x12604a400>
482,10,0.1,1,0,<__main__.InfoCurrency object at 0x126049390>
483,10,1.0,1,0,<__main__.InfoCurrency object at 0x1261ba208>
484,10,0.001,10,0,<__main__.InfoCurrency object at 0x128783048>
485,10,0.01,10,0,<__main__.InfoCurrency object at 0x1105d8a90>
486,10,0.1,10,0,<__main__.InfoCurrency object at 0x1152fff28>
487,10,1.0,10,0,<__main__.InfoCurrency object at 0x1152ffdd8>
488,10,0.001,100,0,<__main__.InfoCurrency object at 0x1152ffac8>
489,10,0.01,100,0,<__main__.InfoCurrency object at 0x123a56908>
490,10,0.1,100,0,<__main__.InfoCurrency object at 0x1261d8f60>
491,10,1.0,100,0,<__main__.InfoCurrency object at 0x110b8f358>
492,10,0.001,1,0,<__main__.InfoCurrency object at 0x126132b70>
493,10,0.01,1,0,<__main__.InfoCurrency object at 0x126638c50>
494,10,0.1,1,0,<__main__.InfoCurrency object at 0x126638048>
495,10,1.0,1,0,<__main__.InfoCurrency object at 0x128688160>
496,10,0.001,10,0,<__main__.InfoCurrency object at 0x110b6d7b8>
497,10,0.01,10,0,<__main__.InfoCurrency object at 0x110de9d68>
498,10,0.1,10,0,<__main__.InfoCurrency object at 0x128cd87f0>
499,10,1.0,10,0,<__main__.InfoCurrency object at 0x12837ba58>
500,10,0.001,100,0,<__main__.InfoCurrency object at 0x1137b6668>
501,10,0.01,100,0,<__main__.InfoCurrency object at 0x1137b6e10>
502,10,0.1,100,0,<__main__.InfoCurrency object at 0x1137b6400>
503,10,1.0,100,0,<__main__.InfoCurrency object at 0x110f67160>
504,10,0.001,1,0,<__main__.InfoCurrency object at 0x128cd80f0>
505,10,0.01,1,0,<__main__.InfoCurrency object at 0x128650b70>
506,10,0.1,1,0,<__main__.InfoCurrency object at 0x1286eef98>
507,10,1.0,1,0,<__main__.InfoCurrency object at 0x123e5b4a8>
508,10,0.001,10,0,<__main__.InfoCurrency object at 0x128783f28>
509,10,0.01,10,0,<__main__.InfoCurrency object at 0x12889c748>
510,10,0.1,10,0,<__main__.InfoCurrency object at 0x127d1d198>
511,10,1.0,10,0,<__main__.InfoCurrency object at 0x1282ea780>
512,10,0.001,100,0,<__main__.InfoCurrency object at 0x13f6ae400>
513,10,0.01,100,0,<__main__.InfoCurrency object at 0x13f6ae160>
514,10,0.1,100,0,<__main__.InfoCurrency object at 0x13f6aef98>
515,10,1.0,100,0,<__main__.InfoCurrency object at 0x13f6ae588>
516,10,0.001,1,0,<__main__.InfoCurrency object at 0x13f5fc748>
517,10,0.01,1,0,<__main__.InfoCurrency object at 0x125b1b4e0>
518,10,0.1,1,0,<__main__.InfoCurrency object at 0x128e0d7b8>
519,10,1.0,1,0,<__main__.InfoCurrency object at 0x128396588>
520,10,0.001,10,0,<__main__.InfoCurrency object at 0x13f5fccf8>
521,10,0.01,10,0,<__main__.InfoCurrency object at 0x13f5fcd30>
522,10,0.1,10,0,<__main__.InfoCurrency object at 0x13f5fc1d0>
523,10,1.0,10,0,<__main__.InfoCurrency object at 0x13f5fc940>
524,10,0.001,100,0,<__main__.InfoCurrency object at 0x1105d83c8>
525,10,0.01,100,0,<__main__.InfoCurrency object at 0x11469d978>
526,10,0.1,100,0,<__main__.InfoCurrency object at 0x1152ff080>
527,10,1.0,100,0,<__main__.InfoCurrency object at 0x126a40470>
528,10,0.001,1,0,<__main__.InfoCurrency object at 0x13f5a1cc0>
529,10,0.01,1,0,<__main__.InfoCurrency object at 0x13f5a1128>
530,10,0.1,1,0,<__main__.InfoCurrency object at 0x13f5a1ba8>
531,10,1.0,1,0,<__main__.InfoCurrency object at 0x12837b630>
532,10,0.001,10,0,<__main__.InfoCurrency object at 0x12604a240>
533,10,0.01,10,0,<__main__.InfoCurrency object at 0x12604ad30>
534,10,0.1,10,0,<__main__.InfoCurrency object at 0x13f7ac940>
535,10,1.0,10,0,<__main__.InfoCurrency object at 0x13f7ac048>
536,10,0.001,100,0,<__main__.InfoCurrency object at 0x13f7accf8>
537,10,0.01,100,0,<__main__.InfoCurrency object at 0x12832e8d0>
538,10,0.1,100,0,<__main__.InfoCurrency object at 0x11469d0f0>
539,10,1.0,100,0,<__main__.InfoCurrency object at 0x126638d68>
540,10,0.001,1,0,<__main__.InfoCurrency object at 0x13f6ae9e8>
541,10,0.01,1,0,<__main__.InfoCurrency object at 0x13f5a11d0>
542,10,0.1,1,0,<__main__.InfoCurrency object at 0x13f5fc5f8>
543,10,1.0,1,0,<__main__.InfoCurrency object at 0x147b0ab70>
544,10,0.001,10,0,<__main__.InfoCurrency object at 0x147b0a320>
545,10,0.01,10,0,<__main__.InfoCurrency object at 0x126049b00>
546,10,0.1,10,0,<__main__.InfoCurrency object at 0x128650320>
547,10,1.0,10,0,<__main__.InfoCurrency object at 0x1285e22e8>
548,10,0.001,100,0,<__main__.InfoCurrency object at 0x13f6ae550>
549,10,0.01,100,0,<__main__.InfoCurrency object at 0x13f6ae4e0>
550,10,0.1,100,0,<__main__.InfoCurrency object at 0x1264c3160>
551,10,1.0,100,0,<__main__.InfoCurrency object at 0x12832e390>
552,10,0.001,1,0,<__main__.InfoCurrency object at 0x147b0a828>
553,10,0.01,1,0,<__main__.InfoCurrency object at 0x13f5a16d8>
554,10,0.1,1,0,<__main__.InfoCurrency object at 0x13f7acc88>
555,10,1.0,1,0,<__main__.InfoCurrency object at 0x147ad0470>
556,10,0.001,10,0,<__main__.InfoCurrency object at 0x147ad0fd0>
557,10,0.01,10,0,<__main__.InfoCurrency object at 0x147ad0dd8>
558,10,0.1,10,0,<__main__.InfoCurrency object at 0x147ad0be0>
559,10,1.0,10,0,<__main__.InfoCurrency object at 0x1285e2470>
560,10,0.001,100,0,<__main__.InfoCurrency object at 0x1105d80f0>
561,10,0.01,100,0,<__main__.InfoCurrency object at 0x12837b9e8>
562,10,0.1,100,0,<__main__.InfoCurrency object at 0x13f7ac748>
563,10,1.0,100,0,<__main__.InfoCurrency object at 0x128415080>
564,10,0.001,1,0,<__main__.InfoCurrency object at 0x13f7acef0>
565,10,0.01,1,0,<__main__.InfoCurrency object at 0x13f6aeb38>
566,10,0.1,1,0,<__main__.InfoCurrency object at 0x147b0a5c0>
567,10,1.0,1,0,<__main__.InfoCurrency object at 0x13f5fc978>
568,10,0.001,10,0,<__main__.InfoCurrency object at 0x147b56da0>
569,10,0.01,10,0,<__main__.InfoCurrency object at 0x147b56940>
570,10,0.1,10,0,<__main__.InfoCurrency object at 0x147b563c8>
571,10,1.0,10,0,<__main__.InfoCurrency object at 0x147b562e8>
572,10,0.001,100,0,<__main__.InfoCurrency object at 0x147d144e0>
573,10,0.01,100,0,<__main__.InfoCurrency object at 0x110f67470>
574,10,0.1,100,0,<__main__.InfoCurrency object at 0x147d14f98>
575,10,1.0,100,0,<__main__.InfoCurrency object at 0x1240e4b70>
576,10,0.001,1,0,<__main__.InfoCurrency object at 0x147d14d30>
577,10,0.01,1,0,<__main__.InfoCurrency object at 0x147d14828>
578,10,0.1,1,0,<__main__.InfoCurrency object at 0x147d142b0>
579,10,1.0,1,0,<__main__.InfoCurrency object at 0x147d14470>
580,10,0.001,10,0,<__main__.InfoCurrency object at 0x13f5a1d30>
581,10,0.01,10,0,<__main__.InfoCurrency object at 0x126a40400>
582,10,0.1,10,0,<__main__.InfoCurrency object at 0x147b0aa20>
583,10,1.0,10,0,<__main__.InfoCurrency object at 0x147ad0550>
584,10,0.001,100,0,<__main__.InfoCurrency object at 0x147d67860>
585,10,0.01,100,0,<__main__.InfoCurrency object at 0x147d673c8>
586,10,0.1,100,0,<__main__.InfoCurrency object at 0x147d67f28>
587,10,1.0,100,0,<__main__.InfoCurrency object at 0x115e661d0>
588,10,0.001,1,0,<__main__.InfoCurrency object at 0x1285bc588>
589,10,0.01,1,0,<__main__.InfoCurrency object at 0x1105d8400>
590,10,0.1,1,0,<__main__.InfoCurrency object at 0x147ad0b38>
591,10,1.0,1,0,<__main__.InfoCurrency object at 0x1137b6898>
592,10,0.001,10,0,<__main__.InfoCurrency object at 0x1137b6208>
593,10,0.01,10,0,<__main__.InfoCurrency object at 0x147d67048>
594,10,0.1,10,0,<__main__.InfoCurrency object at 0x147d67eb8>
595,10,1.0,10,0,<__main__.InfoCurrency object at 0x147b561d0>
596,10,0.001,100,0,<__main__.InfoCurrency object at 0x147d14fd0>
597,10,0.01,100,0,<__main__.InfoCurrency object at 0x147df8208>
598,10,0.1,100,0,<__main__.InfoCurrency object at 0x147df8e10>
599,10,1.0,100,0,<__main__.InfoCurrency object at 0x147df8c18>
600,10,0.001,1,0,<__main__.InfoCurrency object at 0x147df8828>
601,10,0.01,1,0,<__main__.InfoCurrency object at 0x13f6ae518>
602,10,0.1,1,0,<__main__.InfoCurrency object at 0x147df8908>
603,10,1.0,1,0,<__main__.InfoCurrency object at 0x115e66ba8>
604,10,0.001,10,0,<__main__.InfoCurrency object at 0x147b0afd0>
605,10,0.01,10,0,<__main__.InfoCurrency object at 0x13f5fca58>
606,10,0.1,10,0,<__main__.InfoCurrency object at 0x13f5a1588>
607,10,1.0,10,0,<__main__.InfoCurrency object at 0x147ad02e8>
608,10,0.001,100,0,<__main__.InfoCurrency object at 0x147df8940>
609,10,0.01,100,0,<__main__.InfoCurrency object at 0x147d679e8>
610,10,0.1,100,0,<__main__.InfoCurrency object at 0x147e827f0>
611,10,1.0,100,0,<__main__.InfoCurrency object at 0x147e82fd0>
612,10,0.001,1,0,<__main__.InfoCurrency object at 0x147e823c8>
613,10,0.01,1,0,<__main__.InfoCurrency object at 0x147e820b8>
614,10,0.1,1,0,<__main__.InfoCurrency object at 0x147f0a710>
615,10,1.0,1,0,<__main__.InfoCurrency object at 0x127d1d710>
616,10,0.001,10,0,<__main__.InfoCurrency object at 0x12832eef0>
617,10,0.01,10,0,<__main__.InfoCurrency object at 0x128596588>
618,10,0.1,10,0,<__main__.InfoCurrency object at 0x123a4c860>
619,10,1.0,10,0,<__main__.InfoCurrency object at 0x125da6358>
620,10,0.001,100,0,<__main__.InfoCurrency object at 0x126049c88>
621,10,0.01,100,0,<__main__.InfoCurrency object at 0x147f0ad30>
622,10,0.1,100,0,<__main__.InfoCurrency object at 0x147f0a320>
623,10,1.0,100,0,<__main__.InfoCurrency object at 0x147e82940>
624,10,0.001,1,0,<__main__.InfoCurrency object at 0x147e82710>
625,10,0.01,1,0,<__main__.InfoCurrency object at 0x147d14518>
626,10,0.1,1,0,<__main__.InfoCurrency object at 0x147df8630>
627,10,1.0,1,0,<__main__.InfoCurrency object at 0x147d675f8>
628,10,0.001,10,0,<__main__.InfoCurrency object at 0x147d67ba8>
629,10,0.01,10,0,<__main__.InfoCurrency object at 0x13f5fceb8>
630,10,0.1,10,0,<__main__.InfoCurrency object at 0x1283963c8>
631,10,1.0,10,0,<__main__.InfoCurrency object at 0x12836dcc0>
632,10,0.001,100,0,<__main__.InfoCurrency object at 0x1261ba748>
633,10,0.01,100,0,<__main__.InfoCurrency object at 0x13f7ac470>
634,10,0.1,100,0,<__main__.InfoCurrency object at 0x147ad0cf8>
635,10,1.0,100,0,<__main__.InfoCurrency object at 0x126638748>
636,10,0.001,1,0,<__main__.InfoCurrency object at 0x147b56320>
637,10,0.01,1,0,<__main__.InfoCurrency object at 0x110de9ef0>
638,10,0.1,1,0,<__main__.InfoCurrency object at 0x147d14438>
639,10,1.0,1,0,<__main__.InfoCurrency object at 0x12837b5f8>
640,10,0.001,10,0,<__main__.InfoCurrency object at 0x147f0a400>
641,10,0.01,10,0,<__main__.InfoCurrency object at 0x147f747b8>
642,10,0.1,10,0,<__main__.InfoCurrency object at 0x147f74b38>
643,10,1.0,10,0,<__main__.InfoCurrency object at 0x147d14c88>
644,10,0.001,100,0,<__main__.InfoCurrency object at 0x147f74eb8>
645,10,0.01,100,0,<__main__.InfoCurrency object at 0x1105d8780>
646,10,0.1,100,0,<__main__.InfoCurrency object at 0x12889c518>
647,10,1.0,100,0,<__main__.InfoCurrency object at 0x147e82390>
648,10,0.001,1,0,<__main__.InfoCurrency object at 0x147f0a940>
649,10,0.01,1,0,<__main__.InfoCurrency object at 0x147f0a9e8>
650,10,0.1,1,0,<__main__.InfoCurrency object at 0x147b0a240>
651,10,1.0,1,0,<__main__.InfoCurrency object at 0x147f74390>
652,10,0.001,10,0,<__main__.InfoCurrency object at 0x13f6aeac8>
653,10,0.01,10,0,<__main__.InfoCurrency object at 0x147df8898>
654,10,0.1,10,0,<__main__.InfoCurrency object at 0x148055320>
655,10,1.0,10,0,<__main__.InfoCurrency object at 0x148055470>
656,10,0.001,100,0,<__main__.InfoCurrency object at 0x148055208>
657,10,0.01,100,0,<__main__.InfoCurrency object at 0x12876ee10>
658,10,0.1,100,0,<__main__.InfoCurrency object at 0x127d1dba8>
659,10,1.0,100,0,<__main__.InfoCurrency object at 0x12832e978>
660,10,0.001,1,0,<__main__.InfoCurrency object at 0x13f5a1860>
661,10,0.01,1,0,<__main__.InfoCurrency object at 0x1137b67b8>
662,10,0.1,1,0,<__main__.InfoCurrency object at 0x147df87b8>
663,10,1.0,1,0,<__main__.InfoCurrency object at 0x147b56470>
664,10,0.001,10,0,<__main__.InfoCurrency object at 0x13f6ae470>
665,10,0.01,10,0,<__main__.InfoCurrency object at 0x147f0ac18>
666,10,0.1,10,0,<__main__.InfoCurrency object at 0x147f748d0>
667,10,1.0,10,0,<__main__.InfoCurrency object at 0x148011c88>
668,10,0.001,100,0,<__main__.InfoCurrency object at 0x148011e80>
669,10,0.01,100,0,<__main__.InfoCurrency object at 0x148011a90>
670,10,0.1,100,0,<__main__.InfoCurrency object at 0x1481a8f28>
671,10,1.0,100,0,<__main__.InfoCurrency object at 0x1152ffa20>
672,10,0.001,1,0,<__main__.InfoCurrency object at 0x147d145c0>
673,10,0.01,1,0,<__main__.InfoCurrency object at 0x147d14278>
674,10,0.1,1,0,<__main__.InfoCurrency object at 0x1481a8b00>
675,10,1.0,1,0,<__main__.InfoCurrency object at 0x1481a82b0>
676,10,0.001,10,0,<__main__.InfoCurrency object at 0x1481a8f60>
677,10,0.01,10,0,<__main__.InfoCurrency object at 0x1481a84e0>
678,10,0.1,10,0,<__main__.InfoCurrency object at 0x13f5a1978>
679,10,1.0,10,0,<__main__.InfoCurrency object at 0x13f7aca58>
680,10,0.001,100,0,<__main__.InfoCurrency object at 0x1161bcb38>
681,10,0.01,100,0,<__main__.InfoCurrency object at 0x148055128>
682,10,0.1,100,0,<__main__.InfoCurrency object at 0x148011b00>
683,10,1.0,100,0,<__main__.InfoCurrency object at 0x148153a90>
684,10,0.001,1,0,<__main__.InfoCurrency object at 0x148153d30>
685,10,0.01,1,0,<__main__.InfoCurrency object at 0x1285bcc18>
686,10,0.1,1,0,<__main__.InfoCurrency object at 0x147d14898>
687,10,1.0,1,0,<__main__.InfoCurrency object at 0x1277952e8>
688,10,0.001,10,0,<__main__.InfoCurrency object at 0x147b0a0b8>
689,10,0.01,10,0,<__main__.InfoCurrency object at 0x13f5a13c8>
690,10,0.1,10,0,<__main__.InfoCurrency object at 0x147f74940>
691,10,1.0,10,0,<__main__.InfoCurrency object at 0x147b56278>
692,10,0.001,100,0,<__main__.InfoCurrency object at 0x147e825c0>
693,10,0.01,100,0,<__main__.InfoCurrency object at 0x148011a20>
694,10,0.1,100,0,<__main__.InfoCurrency object at 0x1481a8780>
695,10,1.0,100,0,<__main__.InfoCurrency object at 0x1482ca1d0>
696,10,0.001,1,0,<__main__.InfoCurrency object at 0x1482ca4a8>
697,10,0.01,1,0,<__main__.InfoCurrency object at 0x1482ca5f8>
698,10,0.1,1,0,<__main__.InfoCurrency object at 0x1482caba8>
699,10,1.0,1,0,<__main__.InfoCurrency object at 0x13f6ae7f0>
700,10,0.001,10,0,<__main__.InfoCurrency object at 0x147d14eb8>
701,10,0.01,10,0,<__main__.InfoCurrency object at 0x147df84a8>
702,10,0.1,10,0,<__main__.InfoCurrency object at 0x147b56860>
703,10,1.0,10,0,<__main__.InfoCurrency object at 0x1482caa90>
704,10,0.001,100,0,<__main__.InfoCurrency object at 0x1482ca908>
705,10,0.01,100,0,<__main__.InfoCurrency object at 0x148055550>
706,10,0.1,100,0,<__main__.InfoCurrency object at 0x128dfd940>
707,10,1.0,100,0,<__main__.InfoCurrency object at 0x1480117b8>
708,10,0.001,1,0,<__main__.InfoCurrency object at 0x148309198>
709,10,0.01,1,0,<__main__.InfoCurrency object at 0x148309ef0>
710,10,0.1,1,0,<__main__.InfoCurrency object at 0x148309e48>
711,10,1.0,1,0,<__main__.InfoCurrency object at 0x14834e630>
712,10,0.001,10,0,<__main__.InfoCurrency object at 0x14834e1d0>
713,10,0.01,10,0,<__main__.InfoCurrency object at 0x148055358>
714,10,0.1,10,0,<__main__.InfoCurrency object at 0x147ad0e10>
715,10,1.0,10,0,<__main__.InfoCurrency object at 0x1152ffef0>
716,10,0.001,100,0,<__main__.InfoCurrency object at 0x14834eba8>
717,10,0.01,100,0,<__main__.InfoCurrency object at 0x14834e470>
718,10,0.1,100,0,<__main__.InfoCurrency object at 0x14834ec50>
719,10,1.0,100,0,<__main__.InfoCurrency object at 0x14834e940>
720,10,0.001,1,0,<__main__.InfoCurrency object at 0x1481a8320>
721,10,0.01,1,0,<__main__.InfoCurrency object at 0x147f749b0>
722,10,0.1,1,0,<__main__.InfoCurrency object at 0x148309b70>
723,10,1.0,1,0,<__main__.InfoCurrency object at 0x1482cada0>
724,10,0.001,10,0,<__main__.InfoCurrency object at 0x1483dd908>
725,10,0.01,10,0,<__main__.InfoCurrency object at 0x1483dd358>
726,10,0.1,10,0,<__main__.InfoCurrency object at 0x1483dd400>
727,10,1.0,10,0,<__main__.InfoCurrency object at 0x147df8080>
728,10,0.001,100,0,<__main__.InfoCurrency object at 0x1285ec5c0>
729,10,0.01,100,0,<__main__.InfoCurrency object at 0x12876ea20>
730,10,0.1,100,0,<__main__.InfoCurrency object at 0x148153c18>
731,10,1.0,100,0,<__main__.InfoCurrency object at 0x1482ca7f0>
732,10,0.001,1,0,<__main__.InfoCurrency object at 0x1482ca048>
733,10,0.01,1,0,<__main__.InfoCurrency object at 0x1481a8f98>
734,10,0.1,1,0,<__main__.InfoCurrency object at 0x1483dde10>
735,10,1.0,1,0,<__main__.InfoCurrency object at 0x148309ac8>
736,10,0.001,10,0,<__main__.InfoCurrency object at 0x14834eac8>
737,10,0.01,10,0,<__main__.InfoCurrency object at 0x1484e37f0>
738,10,0.1,10,0,<__main__.InfoCurrency object at 0x1484e3a90>
739,10,1.0,10,0,<__main__.InfoCurrency object at 0x1484e3ef0>
740,10,0.001,100,0,<__main__.InfoCurrency object at 0x1484e3160>
741,10,0.01,100,0,<__main__.InfoCurrency object at 0x148055a58>
742,10,0.1,100,0,<__main__.InfoCurrency object at 0x148581240>
743,10,1.0,100,0,<__main__.InfoCurrency object at 0x147ad0a20>
744,10,0.001,1,0,<__main__.InfoCurrency object at 0x148581710>
745,10,0.01,1,0,<__main__.InfoCurrency object at 0x148581208>
746,10,0.1,1,0,<__main__.InfoCurrency object at 0x148581c50>
747,10,1.0,1,0,<__main__.InfoCurrency object at 0x148581e48>
748,10,0.001,10,0,<__main__.InfoCurrency object at 0x1484e3278>
749,10,0.01,10,0,<__main__.InfoCurrency object at 0x147f74128>
750,10,0.1,10,0,<__main__.InfoCurrency object at 0x148309390>
751,10,1.0,10,0,<__main__.InfoCurrency object at 0x148153e10>
752,10,0.001,100,0,<__main__.InfoCurrency object at 0x1483dd2e8>
753,10,0.01,100,0,<__main__.InfoCurrency object at 0x148789400>
754,10,0.1,100,0,<__main__.InfoCurrency object at 0x148789908>
755,10,1.0,100,0,<__main__.InfoCurrency object at 0x148011780>
756,10,0.001,1,0,<__main__.InfoCurrency object at 0x147d14b00>
757,10,0.01,1,0,<__main__.InfoCurrency object at 0x147e82438>
758,10,0.1,1,0,<__main__.InfoCurrency object at 0x14834eef0>
759,10,1.0,1,0,<__main__.InfoCurrency object at 0x1483090f0>
760,10,0.001,10,0,<__main__.InfoCurrency object at 0x14834eeb8>
761,10,0.01,10,0,<__main__.InfoCurrency object at 0x1483dd3c8>
762,10,0.1,10,0,<__main__.InfoCurrency object at 0x148789518>
763,10,1.0,10,0,<__main__.InfoCurrency object at 0x1152ff2b0>
764,10,0.001,100,0,<__main__.InfoCurrency object at 0x148581f60>
765,10,0.01,100,0,<__main__.InfoCurrency object at 0x148b91908>
766,10,0.1,100,0,<__main__.InfoCurrency object at 0x148b91048>
767,10,1.0,100,0,<__main__.InfoCurrency object at 0x148b91c18>
768,10,0.001,1,0,<__main__.InfoCurrency object at 0x148b914a8>
769,10,0.01,1,0,<__main__.InfoCurrency object at 0x147df8f98>
770,10,0.1,1,0,<__main__.InfoCurrency object at 0x147f0a4e0>
771,10,1.0,1,0,<__main__.InfoCurrency object at 0x1285ecac8>
772,10,0.001,10,0,<__main__.InfoCurrency object at 0x1485c3358>
773,10,0.01,10,0,<__main__.InfoCurrency object at 0x1485c3828>
774,10,0.1,10,0,<__main__.InfoCurrency object at 0x1485c3780>
775,10,1.0,10,0,<__main__.InfoCurrency object at 0x1485c33c8>
776,10,0.001,100,0,<__main__.InfoCurrency object at 0x148309208>
777,10,0.01,100,0,<__main__.InfoCurrency object at 0x148153518>
778,10,0.1,100,0,<__main__.InfoCurrency object at 0x1482cabe0>
779,10,1.0,100,0,<__main__.InfoCurrency object at 0x148b910f0>
780,10,0.001,1,0,<__main__.InfoCurrency object at 0x148789f98>
781,10,0.01,1,0,<__main__.InfoCurrency object at 0x1487d3630>
782,10,0.1,1,0,<__main__.InfoCurrency object at 0x1487d3828>
783,10,1.0,1,0,<__main__.InfoCurrency object at 0x1261bac50>
784,10,0.001,10,0,<__main__.InfoCurrency object at 0x12877add8>
785,10,0.01,10,0,<__main__.InfoCurrency object at 0x12604a748>
786,10,0.1,10,0,<__main__.InfoCurrency object at 0x147e821d0>
787,10,1.0,10,0,<__main__.InfoCurrency object at 0x1485c34e0>
788,10,0.001,100,0,<__main__.InfoCurrency object at 0x1485c3438>
789,10,0.01,100,0,<__main__.InfoCurrency object at 0x1487d3390>
790,10,0.1,100,0,<__main__.InfoCurrency object at 0x1487d39b0>
791,10,1.0,100,0,<__main__.InfoCurrency object at 0x1487d3860>
792,10,0.001,1,0,<__main__.InfoCurrency object at 0x148b91898>
793,10,0.01,1,0,<__main__.InfoCurrency object at 0x148581e10>
794,10,0.1,1,0,<__main__.InfoCurrency object at 0x148789eb8>
795,10,1.0,1,0,<__main__.InfoCurrency object at 0x14834e048>
796,10,0.001,10,0,<__main__.InfoCurrency object at 0x1484e3198>
797,10,0.01,10,0,<__main__.InfoCurrency object at 0x147ad0320>
798,10,0.1,10,0,<__main__.InfoCurrency object at 0x13f6ae898>
799,10,1.0,10,0,<__main__.InfoCurrency object at 0x1285ec198>
800,10,0.001,100,0,<__main__.InfoCurrency object at 0x1481a8080>
801,10,0.01,100,0,<__main__.InfoCurrency object at 0x1483dd240>
802,10,0.1,100,0,<__main__.InfoCurrency object at 0x1480114e0>
803,10,1.0,100,0,<__main__.InfoCurrency object at 0x1487894e0>
804,10,0.001,1,0,<__main__.InfoCurrency object at 0x1484e3ba8>
805,10,0.01,1,0,<__main__.InfoCurrency object at 0x148581320>
806,10,0.1,1,0,<__main__.InfoCurrency object at 0x126b65978>
807,10,1.0,1,0,<__main__.InfoCurrency object at 0x1487d3dd8>
808,10,0.001,10,0,<__main__.InfoCurrency object at 0x1260492e8>
809,10,0.01,10,0,<__main__.InfoCurrency object at 0x1489dd240>
810,10,0.1,10,0,<__main__.InfoCurrency object at 0x1489dd6d8>
811,10,1.0,10,0,<__main__.InfoCurrency object at 0x147f0a4a8>
812,10,0.001,100,0,<__main__.InfoCurrency object at 0x1489ddba8>
813,10,0.01,100,0,<__main__.InfoCurrency object at 0x126049ba8>
814,10,0.1,100,0,<__main__.InfoCurrency object at 0x148b91b70>
815,10,1.0,100,0,<__main__.InfoCurrency object at 0x1485c3320>
816,10,0.001,1,0,<__main__.InfoCurrency object at 0x148b91748>
817,10,0.01,1,0,<__main__.InfoCurrency object at 0x148309518>
818,10,0.1,1,0,<__main__.InfoCurrency object at 0x148055780>
819,10,1.0,1,0,<__main__.InfoCurrency object at 0x1481a8048>
820,10,0.001,10,0,<__main__.InfoCurrency object at 0x1484e3be0>
821,10,0.01,10,0,<__main__.InfoCurrency object at 0x148c6aa90>
822,10,0.1,10,0,<__main__.InfoCurrency object at 0x148c6aeb8>
823,10,1.0,10,0,<__main__.InfoCurrency object at 0x148c6a5c0>
824,10,0.001,100,0,<__main__.InfoCurrency object at 0x148c6a780>
825,10,0.01,100,0,<__main__.InfoCurrency object at 0x1137b6eb8>
826,10,0.1,100,0,<__main__.InfoCurrency object at 0x1152ff3c8>
827,10,1.0,100,0,<__main__.InfoCurrency object at 0x147d14080>
828,10,0.001,1,0,<__main__.InfoCurrency object at 0x148153630>
829,10,0.01,1,0,<__main__.InfoCurrency object at 0x13f6ae860>
830,10,0.1,1,0,<__main__.InfoCurrency object at 0x14834e240>
831,10,1.0,1,0,<__main__.InfoCurrency object at 0x1487d3d30>
832,10,0.001,10,0,<__main__.InfoCurrency object at 0x1489dd828>
833,10,0.01,10,0,<__main__.InfoCurrency object at 0x148c6a278>
834,10,0.1,10,0,<__main__.InfoCurrency object at 0x149731cf8>
835,10,1.0,10,0,<__main__.InfoCurrency object at 0x1497317b8>
836,10,0.001,100,0,<__main__.InfoCurrency object at 0x149731668>
837,10,0.01,100,0,<__main__.InfoCurrency object at 0x149731fd0>
838,10,0.1,100,0,<__main__.InfoCurrency object at 0x1490ceac8>
839,10,1.0,100,0,<__main__.InfoCurrency object at 0x147e82c88>
840,10,0.001,1,0,<__main__.InfoCurrency object at 0x1485c36d8>
841,10,0.01,1,0,<__main__.InfoCurrency object at 0x1485c3550>
842,10,0.1,1,0,<__main__.InfoCurrency object at 0x148b91198>
843,10,1.0,1,0,<__main__.InfoCurrency object at 0x1481536d8>
844,10,0.001,10,0,<__main__.InfoCurrency object at 0x148011ef0>
845,10,0.01,10,0,<__main__.InfoCurrency object at 0x148153f60>
846,10,0.1,10,0,<__main__.InfoCurrency object at 0x149731048>
847,10,1.0,10,0,<__main__.InfoCurrency object at 0x148c6aba8>
848,10,0.001,100,0,<__main__.InfoCurrency object at 0x1490cee48>
849,10,0.01,100,0,<__main__.InfoCurrency object at 0x1490ce128>
850,10,0.1,100,0,<__main__.InfoCurrency object at 0x1490ceb00>
851,10,1.0,100,0,<__main__.InfoCurrency object at 0x148ceb780>
852,10,0.001,1,0,<__main__.InfoCurrency object at 0x148ceb048>
853,10,0.01,1,0,<__main__.InfoCurrency object at 0x1482cacc0>
854,10,0.1,1,0,<__main__.InfoCurrency object at 0x13f5a15f8>
855,10,1.0,1,0,<__main__.InfoCurrency object at 0x1483dd9e8>
856,10,0.001,10,0,<__main__.InfoCurrency object at 0x148ceb128>
857,10,0.01,10,0,<__main__.InfoCurrency object at 0x1483091d0>
858,10,0.1,10,0,<__main__.InfoCurrency object at 0x148cebe80>
859,10,1.0,10,0,<__main__.InfoCurrency object at 0x148cebcf8>
860,10,0.001,100,0,<__main__.InfoCurrency object at 0x148789d68>
861,10,0.01,100,0,<__main__.InfoCurrency object at 0x1489ddeb8>
862,10,0.1,100,0,<__main__.InfoCurrency object at 0x1490ce710>
863,10,1.0,100,0,<__main__.InfoCurrency object at 0x149731208>
864,10,0.001,1,0,<__main__.InfoCurrency object at 0x148851390>
865,10,0.01,1,0,<__main__.InfoCurrency object at 0x148851128>
866,10,0.1,1,0,<__main__.InfoCurrency object at 0x148851be0>
867,10,1.0,1,0,<__main__.InfoCurrency object at 0x1482ca3c8>
868,10,0.001,10,0,<__main__.InfoCurrency object at 0x1485c3e10>
869,10,0.01,10,0,<__main__.InfoCurrency object at 0x14834ea58>
870,10,0.1,10,0,<__main__.InfoCurrency object at 0x1489dd320>
871,10,1.0,10,0,<__main__.InfoCurrency object at 0x1487d3470>
872,10,0.001,100,0,<__main__.InfoCurrency object at 0x148309240>
873,10,0.01,100,0,<__main__.InfoCurrency object at 0x1490ce940>
874,10,0.1,100,0,<__main__.InfoCurrency object at 0x148851e48>
875,10,1.0,100,0,<__main__.InfoCurrency object at 0x148cebc50>
876,10,0.001,1,0,<__main__.InfoCurrency object at 0x1491c9fd0>
877,10,0.01,1,0,<__main__.InfoCurrency object at 0x1491c96d8>
878,10,0.1,1,0,<__main__.InfoCurrency object at 0x1491c90f0>
879,10,1.0,1,0,<__main__.InfoCurrency object at 0x1488d4c18>
880,10,0.001,10,0,<__main__.InfoCurrency object at 0x1488d4be0>
881,10,0.01,10,0,<__main__.InfoCurrency object at 0x1483dd320>
882,10,0.1,10,0,<__main__.InfoCurrency object at 0x148b91e10>
883,10,1.0,10,0,<__main__.InfoCurrency object at 0x115e66080>
884,10,0.001,100,0,<__main__.InfoCurrency object at 0x1488d4518>
885,10,0.01,100,0,<__main__.InfoCurrency object at 0x1488d4128>
886,10,0.1,100,0,<__main__.InfoCurrency object at 0x1488d4a20>
887,10,1.0,100,0,<__main__.InfoCurrency object at 0x1488d4160>
888,10,0.001,1,0,<__main__.InfoCurrency object at 0x1484e3e48>
889,10,0.01,1,0,<__main__.InfoCurrency object at 0x148851470>
890,10,0.1,1,0,<__main__.InfoCurrency object at 0x148ceb470>
891,10,1.0,1,0,<__main__.InfoCurrency object at 0x1490ce0f0>
892,10,0.001,10,0,<__main__.InfoCurrency object at 0x14896d4e0>
893,10,0.01,10,0,<__main__.InfoCurrency object at 0x14896d668>
894,10,0.1,10,0,<__main__.InfoCurrency object at 0x14896d5f8>
895,10,1.0,10,0,<__main__.InfoCurrency object at 0x148011cc0>
896,10,0.001,100,0,<__main__.InfoCurrency object at 0x14834e438>
897,10,0.01,100,0,<__main__.InfoCurrency object at 0x1485c3ef0>
898,10,0.1,100,0,<__main__.InfoCurrency object at 0x1490cee80>
899,10,1.0,100,0,<__main__.InfoCurrency object at 0x149731710>
900,10,0.001,1,0,<__main__.InfoCurrency object at 0x1285ec0b8>
901,10,0.01,1,0,<__main__.InfoCurrency object at 0x1488513c8>
902,10,0.1,1,0,<__main__.InfoCurrency object at 0x14896dc88>
903,10,1.0,1,0,<__main__.InfoCurrency object at 0x1491c9b70>
904,10,0.001,10,0,<__main__.InfoCurrency object at 0x1488d4710>
905,10,0.01,10,0,<__main__.InfoCurrency object at 0x148e60a90>
906,10,0.1,10,0,<__main__.InfoCurrency object at 0x148e60b38>
907,10,1.0,10,0,<__main__.InfoCurrency object at 0x148e60198>
908,10,0.001,100,0,<__main__.InfoCurrency object at 0x148e60710>
909,10,0.01,100,0,<__main__.InfoCurrency object at 0x148c6a8d0>
910,10,0.1,100,0,<__main__.InfoCurrency object at 0x1487892b0>
911,10,1.0,100,0,<__main__.InfoCurrency object at 0x147df8780>
912,10,0.001,1,0,<__main__.InfoCurrency object at 0x148dad438>
913,10,0.01,1,0,<__main__.InfoCurrency object at 0x148dadf60>
914,10,0.1,1,0,<__main__.InfoCurrency object at 0x148dad780>
915,10,1.0,1,0,<__main__.InfoCurrency object at 0x148dad4a8>
916,10,0.001,10,0,<__main__.InfoCurrency object at 0x148ceb518>
917,10,0.01,10,0,<__main__.InfoCurrency object at 0x148055f98>
918,10,0.1,10,0,<__main__.InfoCurrency object at 0x148851b00>
919,10,1.0,10,0,<__main__.InfoCurrency object at 0x14896db00>
920,10,0.001,100,0,<__main__.InfoCurrency object at 0x1488d4278>
921,10,0.01,100,0,<__main__.InfoCurrency object at 0x14958ff28>
922,10,0.1,100,0,<__main__.InfoCurrency object at 0x14958f5c0>
923,10,1.0,100,0,<__main__.InfoCurrency object at 0x148b91160>
924,10,0.001,1,0,<__main__.InfoCurrency object at 0x14958f470>
925,10,0.01,1,0,<__main__.InfoCurrency object at 0x148b91da0>
926,10,0.1,1,0,<__main__.InfoCurrency object at 0x14958f0b8>
927,10,1.0,1,0,<__main__.InfoCurrency object at 0x148cebe48>
928,10,0.001,10,0,<__main__.InfoCurrency object at 0x1488d42e8>
929,10,0.01,10,0,<__main__.InfoCurrency object at 0x1488d4fd0>
930,10,0.1,10,0,<__main__.InfoCurrency object at 0x14958fe48>
931,10,1.0,10,0,<__main__.InfoCurrency object at 0x14896d550>
932,10,0.001,100,0,<__main__.InfoCurrency object at 0x148e60978>
933,10,0.01,100,0,<__main__.InfoCurrency object at 0x148dad828>
934,10,0.1,100,0,<__main__.InfoCurrency object at 0x14920e3c8>
935,10,1.0,100,0,<__main__.InfoCurrency object at 0x14920e860>
936,10,0.001,1,0,<__main__.InfoCurrency object at 0x14920e320>
937,10,0.01,1,0,<__main__.InfoCurrency object at 0x1487d3908>
938,10,0.1,1,0,<__main__.InfoCurrency object at 0x148581080>
939,10,1.0,1,0,<__main__.InfoCurrency object at 0x148c6a5f8>
940,10,0.001,10,0,<__main__.InfoCurrency object at 0x14920e400>
941,10,0.01,10,0,<__main__.InfoCurrency object at 0x1488d4cc0>
942,10,0.1,10,0,<__main__.InfoCurrency object at 0x14896d1d0>
943,10,1.0,10,0,<__main__.InfoCurrency object at 0x1489dd4e0>
944,10,0.001,100,0,<__main__.InfoCurrency object at 0x148e60e80>
945,10,0.01,100,0,<__main__.InfoCurrency object at 0x148789630>
946,10,0.1,100,0,<__main__.InfoCurrency object at 0x14920edd8>
947,10,1.0,100,0,<__main__.InfoCurrency object at 0x14958f908>
948,10,0.001,1,0,<__main__.InfoCurrency object at 0x149158358>
949,10,0.01,1,0,<__main__.InfoCurrency object at 0x149158f98>
950,10,0.1,1,0,<__main__.InfoCurrency object at 0x149158b70>
951,10,1.0,1,0,<__main__.InfoCurrency object at 0x1485c31d0>
952,10,0.001,10,0,<__main__.InfoCurrency object at 0x1480557f0>
953,10,0.01,10,0,<__main__.InfoCurrency object at 0x147e82dd8>
954,10,0.1,10,0,<__main__.InfoCurrency object at 0x1481a8a58>
955,10,1.0,10,0,<__main__.InfoCurrency object at 0x149158a58>
956,10,0.001,100,0,<__main__.InfoCurrency object at 0x149158a90>
957,10,0.01,100,0,<__main__.InfoCurrency object at 0x149158128>
958,10,0.1,100,0,<__main__.InfoCurrency object at 0x149158fd0>
959,10,1.0,100,0,<__main__.InfoCurrency object at 0x148daddd8>
960,10,0.001,1,0,<__main__.InfoCurrency object at 0x14920e240>
961,10,0.01,1,0,<__main__.InfoCurrency object at 0x148e60c18>
962,10,0.1,1,0,<__main__.InfoCurrency object at 0x1488d4550>
963,10,1.0,1,0,<__main__.InfoCurrency object at 0x1491c9668>
964,10,0.001,10,0,<__main__.InfoCurrency object at 0x1490ce208>
965,10,0.01,10,0,<__main__.InfoCurrency object at 0x1489dde48>
966,10,0.1,10,0,<__main__.InfoCurrency object at 0x1489dd0b8>
967,10,1.0,10,0,<__main__.InfoCurrency object at 0x147e82358>
968,10,0.001,100,0,<__main__.InfoCurrency object at 0x148ceba90>
969,10,0.01,100,0,<__main__.InfoCurrency object at 0x1490ce198>
970,10,0.1,100,0,<__main__.InfoCurrency object at 0x14896dac8>
971,10,1.0,100,0,<__main__.InfoCurrency object at 0x14958fac8>
972,10,0.001,1,0,<__main__.InfoCurrency object at 0x148e605c0>
973,10,0.01,1,0,<__main__.InfoCurrency object at 0x148dad7f0>
974,10,0.1,1,0,<__main__.InfoCurrency object at 0x1487d31d0>
975,10,1.0,1,0,<__main__.InfoCurrency object at 0x1491586a0>
976,10,0.001,10,0,<__main__.InfoCurrency object at 0x148a5b4e0>
977,10,0.01,10,0,<__main__.InfoCurrency object at 0x148a5b588>
978,10,0.1,10,0,<__main__.InfoCurrency object at 0x148a5bcc0>
979,10,1.0,10,0,<__main__.InfoCurrency object at 0x1488d44e0>
980,10,0.001,100,0,<__main__.InfoCurrency object at 0x148e60470>
981,10,0.01,100,0,<__main__.InfoCurrency object at 0x148e609b0>
982,10,0.1,100,0,<__main__.InfoCurrency object at 0x147f74828>
983,10,1.0,100,0,<__main__.InfoCurrency object at 0x14958fc18>
984,10,0.001,1,0,<__main__.InfoCurrency object at 0x14958f5f8>
985,10,0.01,1,0,<__main__.InfoCurrency object at 0x149731f28>
986,10,0.1,1,0,<__main__.InfoCurrency object at 0x1482ca2e8>
987,10,1.0,1,0,<__main__.InfoCurrency object at 0x1491580f0>
988,10,0.001,10,0,<__main__.InfoCurrency object at 0x148fc7550>
989,10,0.01,10,0,<__main__.InfoCurrency object at 0x148fc79e8>
990,10,0.1,10,0,<__main__.InfoCurrency object at 0x148fc7fd0>
991,10,1.0,10,0,<__main__.InfoCurrency object at 0x148eec860>
992,10,0.001,100,0,<__main__.InfoCurrency object at 0x148eecf28>
993,10,0.01,100,0,<__main__.InfoCurrency object at 0x1497313c8>
994,10,0.1,100,0,<__main__.InfoCurrency object at 0x1488d4ac8>
995,10,1.0,100,0,<__main__.InfoCurrency object at 0x13f7ace48>
996,10,0.001,1,0,<__main__.InfoCurrency object at 0x148eec048>
997,10,0.01,1,0,<__main__.InfoCurrency object at 0x14896d438>
998,10,0.1,1,0,<__main__.InfoCurrency object at 0x14958f320>
999,10,1.0,1,0,<__main__.InfoCurrency object at 0x14896d748>
1000,10,0.001,10,0,<__main__.InfoCurrency object at 0x14958fcf8>
1001,10,0.01,10,0,<__main__.InfoCurrency object at 0x14920e908>
1002,10,0.1,10,0,<__main__.InfoCurrency object at 0x148a5bf98>
1003,10,1.0,10,0,<__main__.InfoCurrency object at 0x149158048>
1004,10,0.001,100,0,<__main__.InfoCurrency object at 0x149413fd0>
1005,10,0.01,100,0,<__main__.InfoCurrency object at 0x149413da0>
1006,10,0.1,100,0,<__main__.InfoCurrency object at 0x149413390>
1007,10,1.0,100,0,<__main__.InfoCurrency object at 0x148c6a9b0>
1008,10,0.001,1,0,<__main__.InfoCurrency object at 0x148e60828>
1009,10,0.01,1,0,<__main__.InfoCurrency object at 0x148e600f0>
1010,10,0.1,1,0,<__main__.InfoCurrency object at 0x14920ec50>
1011,10,1.0,1,0,<__main__.InfoCurrency object at 0x148a5bba8>
1012,10,0.001,10,0,<__main__.InfoCurrency object at 0x1490ceeb8>
1013,10,0.01,10,0,<__main__.InfoCurrency object at 0x148fc7da0>
1014,10,0.1,10,0,<__main__.InfoCurrency object at 0x149413e80>
1015,10,1.0,10,0,<__main__.InfoCurrency object at 0x148eec470>
1016,10,0.001,100,0,<__main__.InfoCurrency object at 0x148eec668>
1017,10,0.01,100,0,<__main__.InfoCurrency object at 0x149071f60>
1018,10,0.1,100,0,<__main__.InfoCurrency object at 0x1490710f0>
1019,10,1.0,100,0,<__main__.InfoCurrency object at 0x149071a20>
1020,10,0.001,1,0,<__main__.InfoCurrency object at 0x149071978>
1021,10,0.01,1,0,<__main__.InfoCurrency object at 0x14896dd68>
1022,10,0.1,1,0,<__main__.InfoCurrency object at 0x125b056d8>
1023,10,1.0,1,0,<__main__.InfoCurrency object at 0x115d42080>
1024,10,0.001,10,0,<__main__.InfoCurrency object at 0x149071630>
1025,10,0.01,10,0,<__main__.InfoCurrency object at 0x1490715f8>
1026,10,0.1,10,0,<__main__.InfoCurrency object at 0x1490712e8>
1027,10,1.0,10,0,<__main__.InfoCurrency object at 0x148a5b630>
1028,10,0.001,100,0,<__main__.InfoCurrency object at 0x149158a20>
1029,10,0.01,100,0,<__main__.InfoCurrency object at 0x148fc7400>
1030,10,0.1,100,0,<__main__.InfoCurrency object at 0x127d11da0>
1031,10,1.0,100,0,<__main__.InfoCurrency object at 0x127d11c50>
1032,10,0.001,1,0,<__main__.InfoCurrency object at 0x127d11048>
1033,10,0.01,1,0,<__main__.InfoCurrency object at 0x1494e3208>
1034,10,0.1,1,0,<__main__.InfoCurrency object at 0x1494e3cc0>
1035,10,1.0,1,0,<__main__.InfoCurrency object at 0x1488d4d30>
1036,10,0.001,10,0,<__main__.InfoCurrency object at 0x1494e3b70>
1037,10,0.01,10,0,<__main__.InfoCurrency object at 0x148dad908>
1038,10,0.1,10,0,<__main__.InfoCurrency object at 0x148fc7cc0>
1039,10,1.0,10,0,<__main__.InfoCurrency object at 0x1494e32e8>
1040,10,0.001,100,0,<__main__.InfoCurrency object at 0x1494e3630>
1041,10,0.01,100,0,<__main__.InfoCurrency object at 0x1494e3b00>
1042,10,0.1,100,0,<__main__.InfoCurrency object at 0x148ceb080>
1043,10,1.0,100,0,<__main__.InfoCurrency object at 0x1490ceb70>
1044,10,0.001,1,0,<__main__.InfoCurrency object at 0x127d11898>
1045,10,0.01,1,0,<__main__.InfoCurrency object at 0x148eecf60>
1046,10,0.1,1,0,<__main__.InfoCurrency object at 0x149071ac8>
1047,10,1.0,1,0,<__main__.InfoCurrency object at 0x149827048>
1048,10,0.001,10,0,<__main__.InfoCurrency object at 0x149827ef0>
1049,10,0.01,10,0,<__main__.InfoCurrency object at 0x148e60860>
1050,10,0.1,10,0,<__main__.InfoCurrency object at 0x1261babe0>
1051,10,1.0,10,0,<__main__.InfoCurrency object at 0x1487d3fd0>
1052,10,0.001,100,0,<__main__.InfoCurrency object at 0x148a5bdd8>
1053,10,0.01,100,0,<__main__.InfoCurrency object at 0x1490718d0>
1054,10,0.1,100,0,<__main__.InfoCurrency object at 0x148eec9e8>
1055,10,1.0,100,0,<__main__.InfoCurrency object at 0x149413320>
1056,10,0.001,1,0,<__main__.InfoCurrency object at 0x149827b70>
1057,10,0.01,1,0,<__main__.InfoCurrency object at 0x127d11e48>
1058,10,0.1,1,0,<__main__.InfoCurrency object at 0x1494e3d68>
1059,10,1.0,1,0,<__main__.InfoCurrency object at 0x149b07f98>
1060,10,0.001,10,0,<__main__.InfoCurrency object at 0x149b070f0>
1061,10,0.01,10,0,<__main__.InfoCurrency object at 0x149b07f60>
1062,10,0.1,10,0,<__main__.InfoCurrency object at 0x149b07198>
1063,10,1.0,10,0,<__main__.InfoCurrency object at 0x148e60908>
1064,10,0.001,100,0,<__main__.InfoCurrency object at 0x149b07940>
1065,10,0.01,100,0,<__main__.InfoCurrency object at 0x1494132b0>
1066,10,0.1,100,0,<__main__.InfoCurrency object at 0x1494e32b0>
1067,10,1.0,100,0,<__main__.InfoCurrency object at 0x1490710b8>
1068,10,0.001,1,0,<__main__.InfoCurrency object at 0x1494e3438>
1069,10,0.01,1,0,<__main__.InfoCurrency object at 0x149071e48>
1070,10,0.1,1,0,<__main__.InfoCurrency object at 0x148a5b9b0>
1071,10,1.0,1,0,<__main__.InfoCurrency object at 0x127d11c88>
1072,10,0.001,10,0,<__main__.InfoCurrency object at 0x149827a90>
1073,10,0.01,10,0,<__main__.InfoCurrency object at 0x115db8a58>
1074,10,0.1,10,0,<__main__.InfoCurrency object at 0x115db8a90>
1075,10,1.0,10,0,<__main__.InfoCurrency object at 0x115db85c0>
1076,10,0.001,100,0,<__main__.InfoCurrency object at 0x1499ec320>
1077,10,0.01,100,0,<__main__.InfoCurrency object at 0x148fc7eb8>
1078,10,0.1,100,0,<__main__.InfoCurrency object at 0x14958f710>
1079,10,1.0,100,0,<__main__.InfoCurrency object at 0x148581400>
1080,10,0.001,1,0,<__main__.InfoCurrency object at 0x148a5b400>
1081,10,0.01,1,0,<__main__.InfoCurrency object at 0x149071668>
1082,10,0.1,1,0,<__main__.InfoCurrency object at 0x1494e30f0>
1083,10,1.0,1,0,<__main__.InfoCurrency object at 0x115db81d0>
1084,10,0.001,10,0,<__main__.InfoCurrency object at 0x149827e80>
1085,10,0.01,10,0,<__main__.InfoCurrency object at 0x149b077f0>
1086,10,0.1,10,0,<__main__.InfoCurrency object at 0x1499ecc18>
1087,10,1.0,10,0,<__main__.InfoCurrency object at 0x1499ec6a0>
1088,10,0.001,100,0,<__main__.InfoCurrency object at 0x1499ec358>
1089,10,0.01,100,0,<__main__.InfoCurrency object at 0x1499ec630>
1090,10,0.1,100,0,<__main__.InfoCurrency object at 0x149a749e8>
1091,10,1.0,100,0,<__main__.InfoCurrency object at 0x14958f828>
1092,10,0.001,1,0,<__main__.InfoCurrency object at 0x1499ec898>
1093,10,0.01,1,0,<__main__.InfoCurrency object at 0x14920ef98>
1094,10,0.1,1,0,<__main__.InfoCurrency object at 0x1494e39e8>
1095,10,1.0,1,0,<__main__.InfoCurrency object at 0x149071ba8>
1096,10,0.001,10,0,<__main__.InfoCurrency object at 0x148eecb00>
1097,10,0.01,10,0,<__main__.InfoCurrency object at 0x1499eccf8>
1098,10,0.1,10,0,<__main__.InfoCurrency object at 0x149b07550>
1099,10,1.0,10,0,<__main__.InfoCurrency object at 0x115db84a8>
1100,10,0.001,100,0,<__main__.InfoCurrency object at 0x149a74e80>
1101,10,0.01,100,0,<__main__.InfoCurrency object at 0x149a74a20>
1102,10,0.1,100,0,<__main__.InfoCurrency object at 0x149a749b0>
1103,10,1.0,100,0,<__main__.InfoCurrency object at 0x149d1def0>
1104,10,0.001,1,0,<__main__.InfoCurrency object at 0x149d1deb8>
1105,10,0.01,1,0,<__main__.InfoCurrency object at 0x14920e630>
1106,10,0.1,1,0,<__main__.InfoCurrency object at 0x148ceba20>
1107,10,1.0,1,0,<__main__.InfoCurrency object at 0x14958fe10>
1108,10,0.001,10,0,<__main__.InfoCurrency object at 0x115db8b38>
1109,10,0.01,10,0,<__main__.InfoCurrency object at 0x149d1d198>
1110,10,0.1,10,0,<__main__.InfoCurrency object at 0x149d1d4a8>
1111,10,1.0,10,0,<__main__.InfoCurrency object at 0x149d1d5c0>
1112,10,0.001,100,0,<__main__.InfoCurrency object at 0x149d1da20>
1113,10,0.01,100,0,<__main__.InfoCurrency object at 0x149827e48>
1114,10,0.1,100,0,<__main__.InfoCurrency object at 0x123cd30f0>
1115,10,1.0,100,0,<__main__.InfoCurrency object at 0x149b07eb8>
1116,10,0.001,1,0,<__main__.InfoCurrency object at 0x1499ec550>
1117,10,0.01,1,0,<__main__.InfoCurrency object at 0x13f316470>
1118,10,0.1,1,0,<__main__.InfoCurrency object at 0x13f316a20>
1119,10,1.0,1,0,<__main__.InfoCurrency object at 0x149158c50>
1120,10,0.001,10,0,<__main__.InfoCurrency object at 0x1484e30b8>
1121,10,0.01,10,0,<__main__.InfoCurrency object at 0x148e60a58>
1122,10,0.1,10,0,<__main__.InfoCurrency object at 0x148dad2b0>
1123,10,1.0,10,0,<__main__.InfoCurrency object at 0x13f316400>
1124,10,0.001,100,0,<__main__.InfoCurrency object at 0x13f316358>
1125,10,0.01,100,0,<__main__.InfoCurrency object at 0x13f316048>
1126,10,0.1,100,0,<__main__.InfoCurrency object at 0x13f316630>
1127,10,1.0,100,0,<__main__.InfoCurrency object at 0x149a74b00>
1128,10,0.001,1,0,<__main__.InfoCurrency object at 0x149a74320>
1129,10,0.01,1,0,<__main__.InfoCurrency object at 0x149d1de80>
1130,10,0.1,1,0,<__main__.InfoCurrency object at 0x115db8828>
1131,10,1.0,1,0,<__main__.InfoCurrency object at 0x149b07e48>
1132,10,0.001,10,0,<__main__.InfoCurrency object at 0x1499ec160>
1133,10,0.01,10,0,<__main__.InfoCurrency object at 0x148a5b390>
1134,10,0.1,10,0,<__main__.InfoCurrency object at 0x1487d3e48>
1135,10,1.0,10,0,<__main__.InfoCurrency object at 0x148a5bef0>
1136,10,0.001,100,0,<__main__.InfoCurrency object at 0x149413550>
1137,10,0.01,100,0,<__main__.InfoCurrency object at 0x149827518>
1138,10,0.1,100,0,<__main__.InfoCurrency object at 0x115db8e10>
1139,10,1.0,100,0,<__main__.InfoCurrency object at 0x1499ec198>
1140,10,0.001,1,0,<__main__.InfoCurrency object at 0x148fc7908>
1141,10,0.01,1,0,<__main__.InfoCurrency object at 0x127b96278>
1142,10,0.1,1,0,<__main__.InfoCurrency object at 0x149a747f0>
1143,10,1.0,1,0,<__main__.InfoCurrency object at 0x13f316cf8>
1144,10,0.001,10,0,<__main__.InfoCurrency object at 0x13f316978>
1145,10,0.01,10,0,<__main__.InfoCurrency object at 0x149cc1390>
1146,10,0.1,10,0,<__main__.InfoCurrency object at 0x149cc1978>
1147,10,1.0,10,0,<__main__.InfoCurrency object at 0x14896d6a0>
1148,10,0.001,100,0,<__main__.InfoCurrency object at 0x1490ce0b8>
1149,10,0.01,100,0,<__main__.InfoCurrency object at 0x14834ec88>
1150,10,0.1,100,0,<__main__.InfoCurrency object at 0x149cc1780>
1151,10,1.0,100,0,<__main__.InfoCurrency object at 0x14920e9e8>
1152,10,0.001,1,0,<__main__.InfoCurrency object at 0x149cc1668>
1153,10,0.01,1,0,<__main__.InfoCurrency object at 0x149b07048>
1154,10,0.1,1,0,<__main__.InfoCurrency object at 0x148eec438>
1155,10,1.0,1,0,<__main__.InfoCurrency object at 0x1489ddf28>
1156,10,0.001,10,0,<__main__.InfoCurrency object at 0x149a74898>
1157,10,0.01,10,0,<__main__.InfoCurrency object at 0x12793def0>
1158,10,0.1,10,0,<__main__.InfoCurrency object at 0x12793df60>
1159,10,1.0,10,0,<__main__.InfoCurrency object at 0x12793d4e0>
1160,10,0.001,100,0,<__main__.InfoCurrency object at 0x12793d710>
1161,10,0.01,100,0,<__main__.InfoCurrency object at 0x13f6ae748>
1162,10,0.1,100,0,<__main__.InfoCurrency object at 0x148b91f98>
1163,10,1.0,100,0,<__main__.InfoCurrency object at 0x148eec208>
1164,10,0.001,1,0,<__main__.InfoCurrency object at 0x1490713c8>
1165,10,0.01,1,0,<__main__.InfoCurrency object at 0x149071320>
1166,10,0.1,1,0,<__main__.InfoCurrency object at 0x149d1ddd8>
1167,10,1.0,1,0,<__main__.InfoCurrency object at 0x1499ec278>
1168,10,0.001,10,0,<__main__.InfoCurrency object at 0x12793dc50>
1169,10,0.01,10,0,<__main__.InfoCurrency object at 0x149cc1240>
1170,10,0.1,10,0,<__main__.InfoCurrency object at 0x149b6b0b8>
1171,10,1.0,10,0,<__main__.InfoCurrency object at 0x149b6b978>
1172,10,0.001,100,0,<__main__.InfoCurrency object at 0x149b6b048>
1173,10,0.01,100,0,<__main__.InfoCurrency object at 0x149b6bc88>
1174,10,0.1,100,0,<__main__.InfoCurrency object at 0x1497b02e8>
1175,10,1.0,100,0,<__main__.InfoCurrency object at 0x1489dd668>
1176,10,0.001,1,0,<__main__.InfoCurrency object at 0x148eec160>
1177,10,0.01,1,0,<__main__.InfoCurrency object at 0x149413d68>
1178,10,0.1,1,0,<__main__.InfoCurrency object at 0x1497b0ef0>
1179,10,1.0,1,0,<__main__.InfoCurrency object at 0x1497b0f98>
1180,10,0.001,10,0,<__main__.InfoCurrency object at 0x1497b05c0>
1181,10,0.01,10,0,<__main__.InfoCurrency object at 0x1497b0550>
1182,10,0.1,10,0,<__main__.InfoCurrency object at 0x149071128>
1183,10,1.0,10,0,<__main__.InfoCurrency object at 0x1494e3588>
1184,10,0.001,100,0,<__main__.InfoCurrency object at 0x149b6bf60>
1185,10,0.01,100,0,<__main__.InfoCurrency object at 0x149cc1080>
1186,10,0.1,100,0,<__main__.InfoCurrency object at 0x12793df98>
1187,10,1.0,100,0,<__main__.InfoCurrency object at 0x1492dcbe0>
1188,10,0.001,1,0,<__main__.InfoCurrency object at 0x1492dc320>
1189,10,0.01,1,0,<__main__.InfoCurrency object at 0x149b078d0>
1190,10,0.1,1,0,<__main__.InfoCurrency object at 0x12793dac8>
1191,10,1.0,1,0,<__main__.InfoCurrency object at 0x1264c3a58>
1192,10,0.001,10,0,<__main__.InfoCurrency object at 0x148e60c88>
1193,10,0.01,10,0,<__main__.InfoCurrency object at 0x148fc7f98>
1194,10,0.1,10,0,<__main__.InfoCurrency object at 0x148e60940>
1195,10,1.0,10,0,<__main__.InfoCurrency object at 0x127d11f60>
1196,10,0.001,100,0,<__main__.InfoCurrency object at 0x149cc1e80>
1197,10,0.01,100,0,<__main__.InfoCurrency object at 0x1492dc1d0>
1198,10,0.1,100,0,<__main__.InfoCurrency object at 0x149b6bb00>
1199,10,1.0,100,0,<__main__.InfoCurrency object at 0x1497b0da0>
1200,10,0.001,1,0,<__main__.InfoCurrency object at 0x1494430f0>
1201,10,0.01,1,0,<__main__.InfoCurrency object at 0x149443780>
1202,10,0.1,1,0,<__main__.InfoCurrency object at 0x149443da0>
1203,10,1.0,1,0,<__main__.InfoCurrency object at 0x1498274a8>
1204,10,0.001,10,0,<__main__.InfoCurrency object at 0x13f316320>
1205,10,0.01,10,0,<__main__.InfoCurrency object at 0x149071908>
1206,10,0.1,10,0,<__main__.InfoCurrency object at 0x149a74908>
1207,10,1.0,10,0,<__main__.InfoCurrency object at 0x127d114a8>
1208,10,0.001,100,0,<__main__.InfoCurrency object at 0x1497b0fd0>
1209,10,0.01,100,0,<__main__.InfoCurrency object at 0x115db8860>
1210,10,0.1,100,0,<__main__.InfoCurrency object at 0x149cc1a20>
1211,10,1.0,100,0,<__main__.InfoCurrency object at 0x148a5b2e8>
1212,10,0.001,1,0,<__main__.InfoCurrency object at 0x12793d6d8>
1213,10,0.01,1,0,<__main__.InfoCurrency object at 0x149909908>
1214,10,0.1,1,0,<__main__.InfoCurrency object at 0x149909828>
1215,10,1.0,1,0,<__main__.InfoCurrency object at 0x149909ba8>
1216,10,0.001,10,0,<__main__.InfoCurrency object at 0x1499097b8>
1217,10,0.01,10,0,<__main__.InfoCurrency object at 0x128688e10>
1218,10,0.1,10,0,<__main__.InfoCurrency object at 0x148fc7ac8>
1219,10,1.0,10,0,<__main__.InfoCurrency object at 0x1482ca7b8>
1220,10,0.001,100,0,<__main__.InfoCurrency object at 0x149d1da58>
1221,10,0.01,100,0,<__main__.InfoCurrency object at 0x149b6b390>
1222,10,0.1,100,0,<__main__.InfoCurrency object at 0x149909fd0>
1223,10,1.0,100,0,<__main__.InfoCurrency object at 0x1492dcf28>
1224,10,0.001,1,0,<__main__.InfoCurrency object at 0x1499092b0>
1225,10,0.01,1,0,<__main__.InfoCurrency object at 0x1497b0dd8>
1226,10,0.1,1,0,<__main__.InfoCurrency object at 0x149443550>
1227,10,1.0,1,0,<__main__.InfoCurrency object at 0x1499af828>
1228,10,0.001,10,0,<__main__.InfoCurrency object at 0x1499af2e8>
1229,10,0.01,10,0,<__main__.InfoCurrency object at 0x1499af198>
1230,10,0.1,10,0,<__main__.InfoCurrency object at 0x1499afeb8>
1231,10,1.0,10,0,<__main__.InfoCurrency object at 0x149a74b38>
1232,10,0.001,100,0,<__main__.InfoCurrency object at 0x1499afda0>
1233,10,0.01,100,0,<__main__.InfoCurrency object at 0x1499affd0>
1234,10,0.1,100,0,<__main__.InfoCurrency object at 0x1492dcda0>
1235,10,1.0,100,0,<__main__.InfoCurrency object at 0x149d1d278>
1236,10,0.001,1,0,<__main__.InfoCurrency object at 0x1492dce80>
1237,10,0.01,1,0,<__main__.InfoCurrency object at 0x149443dd8>
1238,10,0.1,1,0,<__main__.InfoCurrency object at 0x1499afa90>
1239,10,1.0,1,0,<__main__.InfoCurrency object at 0x1499096a0>
1240,10,0.001,10,0,<__main__.InfoCurrency object at 0x1544daac8>
1241,10,0.01,10,0,<__main__.InfoCurrency object at 0x1544daa58>
1242,10,0.1,10,0,<__main__.InfoCurrency object at 0x1544da470>
1243,10,1.0,10,0,<__main__.InfoCurrency object at 0x1544da518>
1244,10,0.001,100,0,<__main__.InfoCurrency object at 0x1549c6710>
1245,10,0.01,100,0,<__main__.InfoCurrency object at 0x149b07898>
1246,10,0.1,100,0,<__main__.InfoCurrency object at 0x12793dbe0>
1247,10,1.0,100,0,<__main__.InfoCurrency object at 0x1499ec780>
1248,10,0.001,1,0,<__main__.InfoCurrency object at 0x1492dc6a0>
1249,10,0.01,1,0,<__main__.InfoCurrency object at 0x149443c50>
1250,10,0.1,1,0,<__main__.InfoCurrency object at 0x149443e10>
1251,10,1.0,1,0,<__main__.InfoCurrency object at 0x1544dacc0>
1252,10,0.001,10,0,<__main__.InfoCurrency object at 0x149909b38>
1253,10,0.01,10,0,<__main__.InfoCurrency object at 0x1499afc18>
1254,10,0.1,10,0,<__main__.InfoCurrency object at 0x1549c6eb8>
1255,10,1.0,10,0,<__main__.InfoCurrency object at 0x1549c69b0>
1256,10,0.001,100,0,<__main__.InfoCurrency object at 0x1549c6e80>
1257,10,0.01,100,0,<__main__.InfoCurrency object at 0x1549c64a8>
1258,10,0.1,100,0,<__main__.InfoCurrency object at 0x1542953c8>
1259,10,1.0,100,0,<__main__.InfoCurrency object at 0x149a74128>
1260,10,0.001,1,0,<__main__.InfoCurrency object at 0x149b6b940>
1261,10,0.01,1,0,<__main__.InfoCurrency object at 0x149071c18>
1262,10,0.1,1,0,<__main__.InfoCurrency object at 0x1542957b8>
1263,10,1.0,1,0,<__main__.InfoCurrency object at 0x154295b70>
1264,10,0.001,10,0,<__main__.InfoCurrency object at 0x154295c88>
1265,10,0.01,10,0,<__main__.InfoCurrency object at 0x154295400>
1266,10,0.1,10,0,<__main__.InfoCurrency object at 0x1499afd68>
1267,10,1.0,10,0,<__main__.InfoCurrency object at 0x149909ef0>
1268,10,0.001,100,0,<__main__.InfoCurrency object at 0x1544dac50>
1269,10,0.01,100,0,<__main__.InfoCurrency object at 0x1549c62b0>
1270,10,0.1,100,0,<__main__.InfoCurrency object at 0x15458a278>
1271,10,1.0,100,0,<__main__.InfoCurrency object at 0x15458ab38>
1272,10,0.001,1,0,<__main__.InfoCurrency object at 0x15458aa20>
1273,10,0.01,1,0,<__main__.InfoCurrency object at 0x149d1d710>
1274,10,0.1,1,0,<__main__.InfoCurrency object at 0x12832eb70>
1275,10,1.0,1,0,<__main__.InfoCurrency object at 0x115db8f28>
1276,10,0.001,10,0,<__main__.InfoCurrency object at 0x1497b08d0>
1277,10,0.01,10,0,<__main__.InfoCurrency object at 0x1499af9e8>
1278,10,0.1,10,0,<__main__.InfoCurrency object at 0x1499092e8>
1279,10,1.0,10,0,<__main__.InfoCurrency object at 0x1544da198>
1280,10,0.001,100,0,<__main__.InfoCurrency object at 0x1549c6c18>
1281,10,0.01,100,0,<__main__.InfoCurrency object at 0x15458a160>
1282,10,0.1,100,0,<__main__.InfoCurrency object at 0x154295da0>
1283,10,1.0,100,0,<__main__.InfoCurrency object at 0x154295978>
1284,10,0.001,1,0,<__main__.InfoCurrency object at 0x154479f98>
1285,10,0.01,1,0,<__main__.InfoCurrency object at 0x154479208>
1286,10,0.1,1,0,<__main__.InfoCurrency object at 0x154479a20>
1287,10,1.0,1,0,<__main__.InfoCurrency object at 0x1494e3a20>
1288,10,0.001,10,0,<__main__.InfoCurrency object at 0x149b07a20>
1289,10,0.01,10,0,<__main__.InfoCurrency object at 0x147df86a0>
1290,10,0.1,10,0,<__main__.InfoCurrency object at 0x149d1dcc0>
1291,10,1.0,10,0,<__main__.InfoCurrency object at 0x154479828>
1292,10,0.001,100,0,<__main__.InfoCurrency object at 0x154295cc0>
1293,10,0.01,100,0,<__main__.InfoCurrency object at 0x154479fd0>
1294,10,0.1,100,0,<__main__.InfoCurrency object at 0x1542959b0>
1295,10,1.0,100,0,<__main__.InfoCurrency object at 0x154479710>
1296,10,0.001,1,0,<__main__.InfoCurrency object at 0x15458a5c0>
1297,10,0.01,1,0,<__main__.InfoCurrency object at 0x15458a9e8>
1298,10,0.1,1,0,<__main__.InfoCurrency object at 0x1544da7f0>
1299,10,1.0,1,0,<__main__.InfoCurrency object at 0x1499af940>
1300,10,0.001,10,0,<__main__.InfoCurrency object at 0x149443198>
1301,10,0.01,10,0,<__main__.InfoCurrency object at 0x1494e34e0>
1302,10,0.1,10,0,<__main__.InfoCurrency object at 0x149cc1208>
1303,10,1.0,10,0,<__main__.InfoCurrency object at 0x127d11748>
1304,10,0.001,100,0,<__main__.InfoCurrency object at 0x1497b0f28>
1305,10,0.01,100,0,<__main__.InfoCurrency object at 0x1544dae10>
1306,10,0.1,100,0,<__main__.InfoCurrency object at 0x1499af390>
1307,10,1.0,100,0,<__main__.InfoCurrency object at 0x1492dc7f0>
1308,10,0.001,1,0,<__main__.InfoCurrency object at 0x1549c64e0>
1309,10,0.01,1,0,<__main__.InfoCurrency object at 0x154295a90>
1310,10,0.1,1,0,<__main__.InfoCurrency object at 0x115db8080>
1311,10,1.0,1,0,<__main__.InfoCurrency object at 0x154479c88>
1312,10,0.001,10,0,<__main__.InfoCurrency object at 0x14acac940>
1313,10,0.01,10,0,<__main__.InfoCurrency object at 0x14acacbe0>
1314,10,0.1,10,0,<__main__.InfoCurrency object at 0x14acace80>
1315,10,1.0,10,0,<__main__.InfoCurrency object at 0x14acac710>
1316,10,0.001,100,0,<__main__.InfoCurrency object at 0x14acac2b0>
1317,10,0.01,100,0,<__main__.InfoCurrency object at 0x13f316ef0>
1318,10,0.1,100,0,<__main__.InfoCurrency object at 0x154295438>
1319,10,1.0,100,0,<__main__.InfoCurrency object at 0x1549c63c8>
